{"paises": [
        {
            "pais": "Andorra",
            "iso2": "AD",
            "iso3": "AND",
            "prefijo_tel": "376"
        },
        {
            "pais": "Emiratos Árabes Unidos",
            "iso2": "AE",
            "iso3": "ARE",
            "prefijo_tel": "971"
        },
        {
            "pais": "Afganistán",
            "iso2": "AF",
            "iso3": "AFG",
            "prefijo_tel": "93"
        },
        {
            "pais": "Antigua y Barbuda",
            "iso2": "AG",
            "iso3": "ATG",
            "prefijo_tel": "1 268"
        },
        {
            "pais": "Anguila",
            "iso2": "AI",
            "iso3": "AIA",
            "prefijo_tel": "1 264"
        },
        {
            "pais": "Albania",
            "iso2": "AL",
            "iso3": "ALB",
            "prefijo_tel": "355"
        },
        {
            "pais": "Armenia",
            "iso2": "AM",
            "iso3": "ARM",
            "prefijo_tel": "374"
        },
        {
            "pais": "Angola",
            "iso2": "AO",
            "iso3": "AGO",
            "prefijo_tel": "244"
        },
        {
            "pais": "Antártida",
            "iso2": "AQ",
            "iso3": "ATA",
            "prefijo_tel": "672"
        },
        {
            "pais": "Argentina",
            "iso2": "AR",
            "iso3": "ARG",
            "prefijo_tel": "54"
        },
        {
            "pais": "Samoa Americana",
            "iso2": "AS",
            "iso3": "ASM",
            "prefijo_tel": "1 684"
        },
        {
            "pais": "Austria",
            "iso2": "AT",
            "iso3": "AUT",
            "prefijo_tel": "43"
        },
        {
            "pais": "Australia",
            "iso2": "AU",
            "iso3": "AUS",
            "prefijo_tel": "61"
        },
        {
            "pais": "Aruba",
            "iso2": "AW",
            "iso3": "ABW",
            "prefijo_tel": "297"
        },
        {
            "pais": "Islas de Åland",
            "iso2": "AX",
            "iso3": "ALA",
            "prefijo_tel": "358"
        },
        {
            "pais": "Azerbaiyán",
            "iso2": "AZ",
            "iso3": "AZE",
            "prefijo_tel": "994"
        },
        {
            "pais": "Bosnia y Herzegovina",
            "iso2": "BA",
            "iso3": "BIH",
            "prefijo_tel": "387"
        },
        {
            "pais": "Barbados",
            "iso2": "BB",
            "iso3": "BRB",
            "prefijo_tel": "1 246"
        },
        {
            "pais": "Bangladesh",
            "iso2": "BD",
            "iso3": "BGD",
            "prefijo_tel": "880"
        },
        {
            "pais": "Bélgica",
            "iso2": "BE",
            "iso3": "BEL",
            "prefijo_tel": "32"
        },
        {
            "pais": "Burkina Faso",
            "iso2": "BF",
            "iso3": "BFA",
            "prefijo_tel": "226"
        },
        {
            "pais": "Bulgaria",
            "iso2": "BG",
            "iso3": "BGR",
            "prefijo_tel": "359"
        },
        {
            "pais": "Bahrein",
            "iso2": "BH",
            "iso3": "BHR",
            "prefijo_tel": "973"
        },
        {
            "pais": "Burundi",
            "iso2": "BI",
            "iso3": "BDI",
            "prefijo_tel": "257"
        },
        {
            "pais": "Benín",
            "iso2": "BJ",
            "iso3": "BEN",
            "prefijo_tel": "229"
        },
        {
            "pais": "San Bartolomé",
            "iso2": "BL",
            "iso3": "BLM",
            "prefijo_tel": "590"
        },
        {
            "pais": "Islas Bermudas",
            "iso2": "BM",
            "iso3": "BMU",
            "prefijo_tel": "1 441"
        },
        {
            "pais": "Brunéi",
            "iso2": "BN",
            "iso3": "BRN",
            "prefijo_tel": "673"
        },
        {
            "pais": "Bolivia",
            "iso2": "BO",
            "iso3": "BOL",
            "prefijo_tel": "591"
        },
        {
            "pais": "Brasil",
            "iso2": "BR",
            "iso3": "BRA",
            "prefijo_tel": "55"
        },
        {
            "pais": "Bahamas",
            "iso2": "BS",
            "iso3": "BHS",
            "prefijo_tel": "1 242"
        },
        {
            "pais": "Bhután",
            "iso2": "BT",
            "iso3": "BTN",
            "prefijo_tel": "975"
        },
        {
            "pais": "Isla Bouvet",
            "iso2": "BV",
            "iso3": "BVT",
            "prefijo_tel": "0"
        },
        {
            "pais": "Botsuana",
            "iso2": "BW",
            "iso3": "BWA",
            "prefijo_tel": "267"
        },
        {
            "pais": "Bielorrusia",
            "iso2": "BY",
            "iso3": "BLR",
            "prefijo_tel": "375"
        },
        {
            "pais": "Belice",
            "iso2": "BZ",
            "iso3": "BLZ",
            "prefijo_tel": "501"
        },
        {
            "pais": "Canadá",
            "iso2": "CA",
            "iso3": "CAN",
            "prefijo_tel": "1"
        },
        {
            "pais": "Islas Cocos (Keeling)",
            "iso2": "CC",
            "iso3": "CCK",
            "prefijo_tel": "61"
        },
        {
            "pais": "República Democrática del Congo",
            "iso2": "CD",
            "iso3": "COD",
            "prefijo_tel": "243"
        },
        {
            "pais": "República Centroafricana",
            "iso2": "CF",
            "iso3": "CAF",
            "prefijo_tel": "236"
        },
        {
            "pais": "República del Congo",
            "iso2": "CG",
            "iso3": "COG",
            "prefijo_tel": "242"
        },
        {
            "pais": "Suiza",
            "iso2": "CH",
            "iso3": "CHE",
            "prefijo_tel": "41"
        },
        {
            "pais": "Costa de Marfil",
            "iso2": "CI",
            "iso3": "CIV",
            "prefijo_tel": "225"
        },
        {
            "pais": "Islas Cook",
            "iso2": "CK",
            "iso3": "COK",
            "prefijo_tel": "682"
        },
        {
            "pais": "Chile",
            "iso2": "CL",
            "iso3": "CHL",
            "prefijo_tel": "56"
        },
        {
            "pais": "Camerún",
            "iso2": "CM",
            "iso3": "CMR",
            "prefijo_tel": "237"
        },
        {
            "pais": "China",
            "iso2": "CN",
            "iso3": "CHN",
            "prefijo_tel": "86"
        },
        {
            "pais": "Colombia",
            "iso2": "CO",
            "iso3": "COL",
            "prefijo_tel": "57"
        },
        {
            "pais": "Costa Rica",
            "iso2": "CR",
            "iso3": "CRI",
            "prefijo_tel": "506"
        },
        {
            "pais": "Cuba",
            "iso2": "CU",
            "iso3": "CUB",
            "prefijo_tel": "53"
        },
        {
            "pais": "Cabo Verde",
            "iso2": "CV",
            "iso3": "CPV",
            "prefijo_tel": "238"
        },
        {
            "pais": "Curazao",
            "iso2": "CW",
            "iso3": "CWU",
            "prefijo_tel": "5999"
        },
        {
            "pais": "Isla de Navidad",
            "iso2": "CX",
            "iso3": "CXR",
            "prefijo_tel": "61"
        },
        {
            "pais": "Chipre",
            "iso2": "CY",
            "iso3": "CYP",
            "prefijo_tel": "357"
        },
        {
            "pais": "República Checa",
            "iso2": "CZ",
            "iso3": "CZE",
            "prefijo_tel": "420"
        },
        {
            "pais": "Alemania",
            "iso2": "DE",
            "iso3": "DEU",
            "prefijo_tel": "49"
        },
        {
            "pais": "Yibuti",
            "iso2": "DJ",
            "iso3": "DJI",
            "prefijo_tel": "253"
        },
        {
            "pais": "Dinamarca",
            "iso2": "DK",
            "iso3": "DNK",
            "prefijo_tel": "45"
        },
        {
            "pais": "Dominica",
            "iso2": "DM",
            "iso3": "DMA",
            "prefijo_tel": "1 767"
        },
        {
            "pais": "República Dominicana",
            "iso2": "DO",
            "iso3": "DOM",
            "prefijo_tel": "1 809"
        },
        {
            "pais": "Argelia",
            "iso2": "DZ",
            "iso3": "DZA",
            "prefijo_tel": "213"
        },
        {
            "pais": "Ecuador",
            "iso2": "EC",
            "iso3": "ECU",
            "prefijo_tel": "593"
        },
        {
            "pais": "Estonia",
            "iso2": "EE",
            "iso3": "EST",
            "prefijo_tel": "372"
        },
        {
            "pais": "Egipto",
            "iso2": "EG",
            "iso3": "EGY",
            "prefijo_tel": "20"
        },
        {
            "pais": "Sahara Occidental",
            "iso2": "EH",
            "iso3": "ESH",
            "prefijo_tel": "212"
        },
        {
            "pais": "Eritrea",
            "iso2": "ER",
            "iso3": "ERI",
            "prefijo_tel": "291"
        },
        {
            "pais": "España",
            "iso2": "ES",
            "iso3": "ESP",
            "prefijo_tel": "34"
        },
        {
            "pais": "Etiopía",
            "iso2": "ET",
            "iso3": "ETH",
            "prefijo_tel": "251"
        },
        {
            "pais": "Finlandia",
            "iso2": "FI",
            "iso3": "FIN",
            "prefijo_tel": "358"
        },
        {
            "pais": "Fiyi",
            "iso2": "FJ",
            "iso3": "FJI",
            "prefijo_tel": "679"
        },
        {
            "pais": "Islas Malvinas",
            "iso2": "FK",
            "iso3": "FLK",
            "prefijo_tel": "500"
        },
        {
            "pais": "Micronesia",
            "iso2": "FM",
            "iso3": "FSM",
            "prefijo_tel": "691"
        },
        {
            "pais": "Islas Feroe",
            "iso2": "FO",
            "iso3": "FRO",
            "prefijo_tel": "298"
        },
        {
            "pais": "Francia",
            "iso2": "FR",
            "iso3": "FRA",
            "prefijo_tel": "33"
        },
        {
            "pais": "Gabón",
            "iso2": "GA",
            "iso3": "GAB",
            "prefijo_tel": "241"
        },
        {
            "pais": "Reino Unido",
            "iso2": "GB",
            "iso3": "GBR",
            "prefijo_tel": "44"
        },
        {
            "pais": "Granada",
            "iso2": "GD",
            "iso3": "GRD",
            "prefijo_tel": "1 473"
        },
        {
            "pais": "Georgia",
            "iso2": "GE",
            "iso3": "GEO",
            "prefijo_tel": "995"
        },
        {
            "pais": "Guayana Francesa",
            "iso2": "GF",
            "iso3": "GUF",
            "prefijo_tel": "594"
        },
        {
            "pais": "Guernsey",
            "iso2": "GG",
            "iso3": "GGY",
            "prefijo_tel": "44"
        },
        {
            "pais": "Ghana",
            "iso2": "GH",
            "iso3": "GHA",
            "prefijo_tel": "233"
        },
        {
            "pais": "Gibraltar",
            "iso2": "GI",
            "iso3": "GIB",
            "prefijo_tel": "350"
        },
        {
            "pais": "Groenlandia",
            "iso2": "GL",
            "iso3": "GRL",
            "prefijo_tel": "299"
        },
        {
            "pais": "Gambia",
            "iso2": "GM",
            "iso3": "GMB",
            "prefijo_tel": "220"
        },
        {
            "pais": "Guinea",
            "iso2": "GN",
            "iso3": "GIN",
            "prefijo_tel": "224"
        },
        {
            "pais": "Guadalupe",
            "iso2": "GP",
            "iso3": "GLP",
            "prefijo_tel": "590"
        },
        {
            "pais": "Guinea Ecuatorial",
            "iso2": "GQ",
            "iso3": "GNQ",
            "prefijo_tel": "240"
        },
        {
            "pais": "Grecia",
            "iso2": "GR",
            "iso3": "GRC",
            "prefijo_tel": "30"
        },
        {
            "pais": "Islas Georgias del Sur y Sandwich del Su",
            "iso2": "GS",
            "iso3": "SGS",
            "prefijo_tel": "500"
        },
        {
            "pais": "Guatemala",
            "iso2": "GT",
            "iso3": "GTM",
            "prefijo_tel": "502"
        },
        {
            "pais": "Guam",
            "iso2": "GU",
            "iso3": "GUM",
            "prefijo_tel": "1 671"
        },
        {
            "pais": "Guinea-Bissau",
            "iso2": "GW",
            "iso3": "GNB",
            "prefijo_tel": "245"
        },
        {
            "pais": "Guyana",
            "iso2": "GY",
            "iso3": "GUY",
            "prefijo_tel": "592"
        },
        {
            "pais": "Hong kong",
            "iso2": "HK",
            "iso3": "HKG",
            "prefijo_tel": "852"
        },
        {
            "pais": "Islas Heard y McDonald",
            "iso2": "HM",
            "iso3": "HMD",
            "prefijo_tel": "0"
        },
        {
            "pais": "Honduras",
            "iso2": "HN",
            "iso3": "HND",
            "prefijo_tel": "504"
        },
        {
            "pais": "Croacia",
            "iso2": "HR",
            "iso3": "HRV",
            "prefijo_tel": "385"
        },
        {
            "pais": "Haití",
            "iso2": "HT",
            "iso3": "HTI",
            "prefijo_tel": "509"
        },
        {
            "pais": "Hungría",
            "iso2": "HU",
            "iso3": "HUN",
            "prefijo_tel": "36"
        },
        {
            "pais": "Indonesia",
            "iso2": "ID",
            "iso3": "IDN",
            "prefijo_tel": "62"
        },
        {
            "pais": "Irlanda",
            "iso2": "IE",
            "iso3": "IRL",
            "prefijo_tel": "353"
        },
        {
            "pais": "Israel",
            "iso2": "IL",
            "iso3": "ISR",
            "prefijo_tel": "972"
        },
        {
            "pais": "Isla de Man",
            "iso2": "IM",
            "iso3": "IMN",
            "prefijo_tel": "44"
        },
        {
            "pais": "India",
            "iso2": "IN",
            "iso3": "IND",
            "prefijo_tel": "91"
        },
        {
            "pais": "Territorio Británico del Océano Índico",
            "iso2": "IO",
            "iso3": "IOT",
            "prefijo_tel": "246"
        },
        {
            "pais": "Irak",
            "iso2": "IQ",
            "iso3": "IRQ",
            "prefijo_tel": "964"
        },
        {
            "pais": "Irán",
            "iso2": "IR",
            "iso3": "IRN",
            "prefijo_tel": "98"
        },
        {
            "pais": "Islandia",
            "iso2": "IS",
            "iso3": "ISL",
            "prefijo_tel": "354"
        },
        {
            "pais": "Italia",
            "iso2": "IT",
            "iso3": "ITA",
            "prefijo_tel": "39"
        },
        {
            "pais": "Jersey",
            "iso2": "JE",
            "iso3": "JEY",
            "prefijo_tel": "44"
        },
        {
            "pais": "Jamaica",
            "iso2": "JM",
            "iso3": "JAM",
            "prefijo_tel": "1 876"
        },
        {
            "pais": "Jordania",
            "iso2": "JO",
            "iso3": "JOR",
            "prefijo_tel": "962"
        },
        {
            "pais": "Japón",
            "iso2": "JP",
            "iso3": "JPN",
            "prefijo_tel": "81"
        },
        {
            "pais": "Kenia",
            "iso2": "KE",
            "iso3": "KEN",
            "prefijo_tel": "254"
        },
        {
            "pais": "Kirguistán",
            "iso2": "KG",
            "iso3": "KGZ",
            "prefijo_tel": "996"
        },
        {
            "pais": "Camboya",
            "iso2": "KH",
            "iso3": "KHM",
            "prefijo_tel": "855"
        },
        {
            "pais": "Kiribati",
            "iso2": "KI",
            "iso3": "KIR",
            "prefijo_tel": "686"
        },
        {
            "pais": "Comoras",
            "iso2": "KM",
            "iso3": "COM",
            "prefijo_tel": "269"
        },
        {
            "pais": "San Cristóbal y Nieves",
            "iso2": "KN",
            "iso3": "KNA",
            "prefijo_tel": "1 869"
        },
        {
            "pais": "Corea del Norte",
            "iso2": "KP",
            "iso3": "PRK",
            "prefijo_tel": "850"
        },
        {
            "pais": "Corea del Sur",
            "iso2": "KR",
            "iso3": "KOR",
            "prefijo_tel": "82"
        },
        {
            "pais": "Kuwait",
            "iso2": "KW",
            "iso3": "KWT",
            "prefijo_tel": "965"
        },
        {
            "pais": "Islas Caimán",
            "iso2": "KY",
            "iso3": "CYM",
            "prefijo_tel": "1 345"
        },
        {
            "pais": "Kazajistán",
            "iso2": "KZ",
            "iso3": "KAZ",
            "prefijo_tel": "7"
        },
        {
            "pais": "Laos",
            "iso2": "LA",
            "iso3": "LAO",
            "prefijo_tel": "856"
        },
        {
            "pais": "Líbano",
            "iso2": "LB",
            "iso3": "LBN",
            "prefijo_tel": "961"
        },
        {
            "pais": "Santa Lucía",
            "iso2": "LC",
            "iso3": "LCA",
            "prefijo_tel": "1 758"
        },
        {
            "pais": "Liechtenstein",
            "iso2": "LI",
            "iso3": "LIE",
            "prefijo_tel": "423"
        },
        {
            "pais": "Sri lanka",
            "iso2": "LK",
            "iso3": "LKA",
            "prefijo_tel": "94"
        },
        {
            "pais": "Liberia",
            "iso2": "LR",
            "iso3": "LBR",
            "prefijo_tel": "231"
        },
        {
            "pais": "Lesoto",
            "iso2": "LS",
            "iso3": "LSO",
            "prefijo_tel": "266"
        },
        {
            "pais": "Lituania",
            "iso2": "LT",
            "iso3": "LTU",
            "prefijo_tel": "370"
        },
        {
            "pais": "Luxemburgo",
            "iso2": "LU",
            "iso3": "LUX",
            "prefijo_tel": "352"
        },
        {
            "pais": "Letonia",
            "iso2": "LV",
            "iso3": "LVA",
            "prefijo_tel": "371"
        },
        {
            "pais": "Libia",
            "iso2": "LY",
            "iso3": "LBY",
            "prefijo_tel": "218"
        },
        {
            "pais": "Marruecos",
            "iso2": "MA",
            "iso3": "MAR",
            "prefijo_tel": "212"
        },
        {
            "pais": "Mónaco",
            "iso2": "MC",
            "iso3": "MCO",
            "prefijo_tel": "377"
        },
        {
            "pais": "Moldavia",
            "iso2": "MD",
            "iso3": "MDA",
            "prefijo_tel": "373"
        },
        {
            "pais": "Montenegro",
            "iso2": "ME",
            "iso3": "MNE",
            "prefijo_tel": "382"
        },
        {
            "pais": "San Martín (Francia)",
            "iso2": "MF",
            "iso3": "MAF",
            "prefijo_tel": "1 599"
        },
        {
            "pais": "Madagascar",
            "iso2": "MG",
            "iso3": "MDG",
            "prefijo_tel": "261"
        },
        {
            "pais": "Islas Marshall",
            "iso2": "MH",
            "iso3": "MHL",
            "prefijo_tel": "692"
        },
        {
            "pais": "Macedônia",
            "iso2": "MK",
            "iso3": "MKD",
            "prefijo_tel": "389"
        },
        {
            "pais": "Mali",
            "iso2": "ML",
            "iso3": "MLI",
            "prefijo_tel": "223"
        },
        {
            "pais": "Myanmar",
            "iso2": "MM",
            "iso3": "MMR",
            "prefijo_tel": "95"
        },
        {
            "pais": "Mongolia",
            "iso2": "MN",
            "iso3": "MNG",
            "prefijo_tel": "976"
        },
        {
            "pais": "Macao",
            "iso2": "MO",
            "iso3": "MAC",
            "prefijo_tel": "853"
        },
        {
            "pais": "Islas Marianas del Norte",
            "iso2": "MP",
            "iso3": "MNP",
            "prefijo_tel": "1 670"
        },
        {
            "pais": "Martinica",
            "iso2": "MQ",
            "iso3": "MTQ",
            "prefijo_tel": "596"
        },
        {
            "pais": "Mauritania",
            "iso2": "MR",
            "iso3": "MRT",
            "prefijo_tel": "222"
        },
        {
            "pais": "Montserrat",
            "iso2": "MS",
            "iso3": "MSR",
            "prefijo_tel": "1 664"
        },
        {
            "pais": "Malta",
            "iso2": "MT",
            "iso3": "MLT",
            "prefijo_tel": "356"
        },
        {
            "pais": "Mauricio",
            "iso2": "MU",
            "iso3": "MUS",
            "prefijo_tel": "230"
        },
        {
            "pais": "Islas Maldivas",
            "iso2": "MV",
            "iso3": "MDV",
            "prefijo_tel": "960"
        },
        {
            "pais": "Malawi",
            "iso2": "MW",
            "iso3": "MWI",
            "prefijo_tel": "265"
        },
        {
            "pais": "México",
            "iso2": "MX",
            "iso3": "MEX",
            "prefijo_tel": "52"
        },
        {
            "pais": "Malasia",
            "iso2": "MY",
            "iso3": "MYS",
            "prefijo_tel": "60"
        },
        {
            "pais": "Mozambique",
            "iso2": "MZ",
            "iso3": "MOZ",
            "prefijo_tel": "258"
        },
        {
            "pais": "Namibia",
            "iso2": "NA",
            "iso3": "NAM",
            "prefijo_tel": "264"
        },
        {
            "pais": "Nueva Caledonia",
            "iso2": "NC",
            "iso3": "NCL",
            "prefijo_tel": "687"
        },
        {
            "pais": "Niger",
            "iso2": "NE",
            "iso3": "NER",
            "prefijo_tel": "227"
        },
        {
            "pais": "Isla Norfolk",
            "iso2": "NF",
            "iso3": "NFK",
            "prefijo_tel": "672"
        },
        {
            "pais": "Nigeria",
            "iso2": "NG",
            "iso3": "NGA",
            "prefijo_tel": "234"
        },
        {
            "pais": "Nicaragua",
            "iso2": "NI",
            "iso3": "NIC",
            "prefijo_tel": "505"
        },
        {
            "pais": "Países Bajos",
            "iso2": "NL",
            "iso3": "NLD",
            "prefijo_tel": "31"
        },
        {
            "pais": "Noruega",
            "iso2": "NO",
            "iso3": "NOR",
            "prefijo_tel": "47"
        },
        {
            "pais": "Nepal",
            "iso2": "NP",
            "iso3": "NPL",
            "prefijo_tel": "977"
        },
        {
            "pais": "Nauru",
            "iso2": "NR",
            "iso3": "NRU",
            "prefijo_tel": "674"
        },
        {
            "pais": "Niue",
            "iso2": "NU",
            "iso3": "NIU",
            "prefijo_tel": "683"
        },
        {
            "pais": "Nueva Zelanda",
            "iso2": "NZ",
            "iso3": "NZL",
            "prefijo_tel": "64"
        },
        {
            "pais": "Omán",
            "iso2": "OM",
            "iso3": "OMN",
            "prefijo_tel": "968"
        },
        {
            "pais": "Panamá",
            "iso2": "PA",
            "iso3": "PAN",
            "prefijo_tel": "507"
        },
        {
            "pais": "Perú",
            "iso2": "PE",
            "iso3": "PER",
            "prefijo_tel": "51"
        },
        {
            "pais": "Polinesia Francesa",
            "iso2": "PF",
            "iso3": "PYF",
            "prefijo_tel": "689"
        },
        {
            "pais": "Papúa Nueva Guinea",
            "iso2": "PG",
            "iso3": "PNG",
            "prefijo_tel": "675"
        },
        {
            "pais": "Filipinas",
            "iso2": "PH",
            "iso3": "PHL",
            "prefijo_tel": "63"
        },
        {
            "pais": "Pakistán",
            "iso2": "PK",
            "iso3": "PAK",
            "prefijo_tel": "92"
        },
        {
            "pais": "Polonia",
            "iso2": "PL",
            "iso3": "POL",
            "prefijo_tel": "48"
        },
        {
            "pais": "San Pedro y Miquelón",
            "iso2": "PM",
            "iso3": "SPM",
            "prefijo_tel": "508"
        },
        {
            "pais": "Islas Pitcairn",
            "iso2": "PN",
            "iso3": "PCN",
            "prefijo_tel": "870"
        },
        {
            "pais": "Puerto Rico",
            "iso2": "PR",
            "iso3": "PRI",
            "prefijo_tel": "1"
        },
        {
            "pais": "Palestina",
            "iso2": "PS",
            "iso3": "PSE",
            "prefijo_tel": "970"
        },
        {
            "pais": "Portugal",
            "iso2": "PT",
            "iso3": "PRT",
            "prefijo_tel": "351"
        },
        {
            "pais": "Palau",
            "iso2": "PW",
            "iso3": "PLW",
            "prefijo_tel": "680"
        },
        {
            "pais": "Paraguay",
            "iso2": "PY",
            "iso3": "PRY",
            "prefijo_tel": "595"
        },
        {
            "pais": "Qatar",
            "iso2": "QA",
            "iso3": "QAT",
            "prefijo_tel": "974"
        },
        {
            "pais": "Reunión",
            "iso2": "RE",
            "iso3": "REU",
            "prefijo_tel": "262"
        },
        {
            "pais": "Rumanía",
            "iso2": "RO",
            "iso3": "ROU",
            "prefijo_tel": "40"
        },
        {
            "pais": "Serbia",
            "iso2": "RS",
            "iso3": "SRB",
            "prefijo_tel": "381"
        },
        {
            "pais": "Rusia",
            "iso2": "RU",
            "iso3": "RUS",
            "prefijo_tel": "7"
        },
        {
            "pais": "Ruanda",
            "iso2": "RW",
            "iso3": "RWA",
            "prefijo_tel": "250"
        },
        {
            "pais": "Arabia Saudita",
            "iso2": "SA",
            "iso3": "SAU",
            "prefijo_tel": "966"
        },
        {
            "pais": "Islas Salomón",
            "iso2": "SB",
            "iso3": "SLB",
            "prefijo_tel": "677"
        },
        {
            "pais": "Seychelles",
            "iso2": "SC",
            "iso3": "SYC",
            "prefijo_tel": "248"
        },
        {
            "pais": "Sudán",
            "iso2": "SD",
            "iso3": "SDN",
            "prefijo_tel": "249"
        },
        {
            "pais": "Suecia",
            "iso2": "SE",
            "iso3": "SWE",
            "prefijo_tel": "46"
        },
        {
            "pais": "Singapur",
            "iso2": "SG",
            "iso3": "SGP",
            "prefijo_tel": "65"
        },
        {
            "pais": "Santa Elena",
            "iso2": "SH",
            "iso3": "SHN",
            "prefijo_tel": "290"
        },
        {
            "pais": "Eslovenia",
            "iso2": "SI",
            "iso3": "SVN",
            "prefijo_tel": "386"
        },
        {
            "pais": "Svalbard y Jan Mayen",
            "iso2": "SJ",
            "iso3": "SJM",
            "prefijo_tel": "47"
        },
        {
            "pais": "Eslovaquia",
            "iso2": "SK",
            "iso3": "SVK",
            "prefijo_tel": "421"
        },
        {
            "pais": "Sierra Leona",
            "iso2": "SL",
            "iso3": "SLE",
            "prefijo_tel": "232"
        },
        {
            "pais": "San Marino",
            "iso2": "SM",
            "iso3": "SMR",
            "prefijo_tel": "378"
        },
        {
            "pais": "Senegal",
            "iso2": "SN",
            "iso3": "SEN",
            "prefijo_tel": "221"
        },
        {
            "pais": "Somalia",
            "iso2": "SO",
            "iso3": "SOM",
            "prefijo_tel": "252"
        },
        {
            "pais": "Surinám",
            "iso2": "SR",
            "iso3": "SUR",
            "prefijo_tel": "597"
        },
        {
            "pais": "República de Sudán del Sur",
            "iso2": "SS",
            "iso3": "SSD",
            "prefijo_tel": "211"
        },
        {
            "pais": "Santo Tomé y Príncipe",
            "iso2": "ST",
            "iso3": "STP",
            "prefijo_tel": "239"
        },
        {
            "pais": "El Salvador",
            "iso2": "SV",
            "iso3": "SLV",
            "prefijo_tel": "503"
        },
        {
            "pais": "Sint Maarten",
            "iso2": "SX",
            "iso3": "SMX",
            "prefijo_tel": "1 721"
        },
        {
            "pais": "Siria",
            "iso2": "SY",
            "iso3": "SYR",
            "prefijo_tel": "963"
        },
        {
            "pais": "Swazilandia",
            "iso2": "SZ",
            "iso3": "SWZ",
            "prefijo_tel": "268"
        },
        {
            "pais": "Islas Turcas y Caicos",
            "iso2": "TC",
            "iso3": "TCA",
            "prefijo_tel": "1 649"
        },
        {
            "pais": "Chad",
            "iso2": "TD",
            "iso3": "TCD",
            "prefijo_tel": "235"
        },
        {
            "pais": "Territorios Australes y Antárticas Franc",
            "iso2": "TF",
            "iso3": "ATF",
            "prefijo_tel": "0"
        },
        {
            "pais": "Togo",
            "iso2": "TG",
            "iso3": "TGO",
            "prefijo_tel": "228"
        },
        {
            "pais": "Tailandia",
            "iso2": "TH",
            "iso3": "THA",
            "prefijo_tel": "66"
        },
        {
            "pais": "Tayikistán",
            "iso2": "TJ",
            "iso3": "TJK",
            "prefijo_tel": "992"
        },
        {
            "pais": "Tokelau",
            "iso2": "TK",
            "iso3": "TKL",
            "prefijo_tel": "690"
        },
        {
            "pais": "Timor Oriental",
            "iso2": "TL",
            "iso3": "TLS",
            "prefijo_tel": "670"
        },
        {
            "pais": "Turkmenistán",
            "iso2": "TM",
            "iso3": "TKM",
            "prefijo_tel": "993"
        },
        {
            "pais": "Tunez",
            "iso2": "TN",
            "iso3": "TUN",
            "prefijo_tel": "216"
        },
        {
            "pais": "Tonga",
            "iso2": "TO",
            "iso3": "TON",
            "prefijo_tel": "676"
        },
        {
            "pais": "Turquía",
            "iso2": "TR",
            "iso3": "TUR",
            "prefijo_tel": "90"
        },
        {
            "pais": "Trinidad y Tobago",
            "iso2": "TT",
            "iso3": "TTO",
            "prefijo_tel": "1 868"
        },
        {
            "pais": "Tuvalu",
            "iso2": "TV",
            "iso3": "TUV",
            "prefijo_tel": "688"
        },
        {
            "pais": "Taiwán",
            "iso2": "TW",
            "iso3": "TWN",
            "prefijo_tel": "886"
        },
        {
            "pais": "Tanzania",
            "iso2": "TZ",
            "iso3": "TZA",
            "prefijo_tel": "255"
        },
        {
            "pais": "Ucrania",
            "iso2": "UA",
            "iso3": "UKR",
            "prefijo_tel": "380"
        },
        {
            "pais": "Uganda",
            "iso2": "UG",
            "iso3": "UGA",
            "prefijo_tel": "256"
        },
        {
            "pais": "Islas Ultramarinas Menores de Estados Un",
            "iso2": "UM",
            "iso3": "UMI",
            "prefijo_tel": "246"
        },
        {
            "pais": "Estados Unidos de América",
            "iso2": "US",
            "iso3": "USA",
            "prefijo_tel": "1"
        },
        {
            "pais": "Uruguay",
            "iso2": "UY",
            "iso3": "URY",
            "prefijo_tel": "598"
        },
        {
            "pais": "Uzbekistán",
            "iso2": "UZ",
            "iso3": "UZB",
            "prefijo_tel": "998"
        },
        {
            "pais": "Ciudad del Vaticano",
            "iso2": "VA",
            "iso3": "VAT",
            "prefijo_tel": "39"
        },
        {
            "pais": "San Vicente y las Granadinas",
            "iso2": "VC",
            "iso3": "VCT",
            "prefijo_tel": "1 784"
        },
        {
            "pais": "Venezuela",
            "iso2": "VE",
            "iso3": "VEN",
            "prefijo_tel": "58"
        },
        {
            "pais": "Islas Vírgenes Británicas",
            "iso2": "VG",
            "iso3": "VGB",
            "prefijo_tel": "1 284"
        },
        {
            "pais": "Islas Vírgenes de los Estados Unidos",
            "iso2": "VI",
            "iso3": "VIR",
            "prefijo_tel": "1 340"
        },
        {
            "pais": "Vietnam",
            "iso2": "VN",
            "iso3": "VNM",
            "prefijo_tel": "84"
        },
        {
            "pais": "Vanuatu",
            "iso2": "VU",
            "iso3": "VUT",
            "prefijo_tel": "678"
        },
        {
            "pais": "Wallis y Futuna",
            "iso2": "WF",
            "iso3": "WLF",
            "prefijo_tel": "681"
        },
        {
            "pais": "Samoa",
            "iso2": "WS",
            "iso3": "WSM",
            "prefijo_tel": "685"
        },
        {
            "pais": "Yemen",
            "iso2": "YE",
            "iso3": "YEM",
            "prefijo_tel": "967"
        },
        {
            "pais": "Mayotte",
            "iso2": "YT",
            "iso3": "MYT",
            "prefijo_tel": "262"
        },
        {
            "pais": "Sudáfrica",
            "iso2": "ZA",
            "iso3": "ZAF",
            "prefijo_tel": "27"
        },
        {
            "pais": "Zambia",
            "iso2": "ZM",
            "iso3": "ZMB",
            "prefijo_tel": "260"
        },
        {
            "pais": "Zimbabue",
            "iso2": "ZW",
            "iso3": "ZWE",
            "prefijo_tel": "263"
        }
    ]
}