{
    "zonas": [
        {
            "id_zona": "1",
            "zona": "África"
        },
        {
            "id_zona": "2",
            "zona": "Antártida"
        },
        {
            "id_zona": "3",
            "zona": "Ásia"
        },
        {
            "id_zona": "4",
            "zona": "Europa"
        },
        {
            "id_zona": "5",
            "zona": "América del  Norte"
        },
        {
            "id_zona": "6",
            "zona": "América del sur"
        },
        {
            "id_zona": "7",
            "zona": "Oceanía"
        },
        {
            "id_zona": "8",
            "zona": "Oriente Medio"
        }
    ]
}