<?xml version="1.0" encoding="UTF-8"?>
<root>
    <competiciones>
        <tipo>Carrera 
            <tipoRecord>menor</tipoRecord>
            <nombre>100 metros</nombre>
            <nombre>200 metros</nombre>
            <nombre>1500 metros</nombre>
        </tipo>
    </competiciones>
    <competiciones>
        <tipo>Salto 
            <tipoRecord>mayor</tipoRecord>
            <nombre>Salto de longitud</nombre>
            <nombre>Salto de altura</nombre>
        </tipo>
    </competiciones>
    <competiciones>
        <tipo>Lanzamientos 
            <tipoRecord>mayor</tipoRecord>
            <nombre>Lanzamiento de peso</nombre>
        </tipo>
    </competiciones>
</root>