{
    "deportistas": [
        {
            "Disciplina": "100 metros",
            "Marca": 9.58,
            "Genero": "Masculino",
            "Nombre": "Usain Bolt",
            "Pais": "Jamaica",
            "Fecha": "16/01/2009",
            "Lugar": "Berlín"
        },
        {
            "Disciplina": "100 metros",
            "Marca": 9.69,
            "Genero": "Masculino",
            "Nombre": "Tyson Gay",
            "Pais": "Estados Unidos",
            "Fecha": "20/01/2009",
            "Lugar": "Shanghái"
        },
        {
            "Disciplina": "100 metros",
            "Marca": 9.69,
            "Genero": "Masculino",
            "Nombre": "Yohan Blake",
            "Pais": "Jamaica",
            "Fecha": "23/01/2012",
            "Lugar": "Lausana"
        },
        {
            "Disciplina": "100 metros",
            "Marca": 9.72,
            "Genero": "Masculino",
            "Nombre": "Asafa Powell",
            "Pais": "Jamaica",
            "Fecha": "02/01/2008",
            "Lugar": "Lausana"
        },
        {
            "Disciplina": "100 metros",
            "Marca": 9.74,
            "Genero": "Masculino",
            "Nombre": "Justin Gatlin",
            "Pais": "Estados Unidos",
            "Fecha": "15/01/2015",
            "Lugar": "Doha"
        },
        {
            "Disciplina": "100 metros",
            "Marca": 9.76,
            "Genero": "Masculino",
            "Nombre": "Christian Coleman",
            "Pais": "Estados Unidos",
            "Fecha": "28/01/2019",
            "Lugar": "Doha"
        },
        {
            "Disciplina": "100 metros",
            "Marca": 9.76,
            "Genero": "Masculino",
            "Nombre": "Trayvon Bromell",
            "Pais": "Estados Unidos",
            "Fecha": "18/01/2021",
            "Lugar": "Nairobi"
        },
        {
            "Disciplina": "100 metros",
            "Marca": 9.76,
            "Genero": "Masculino",
            "Nombre": "Fred Kerley",
            "Pais": "Estados Unidos",
            "Fecha": "25/01/2022",
            "Lugar": "Eugene"
        },
        {
            "Disciplina": "100 metros",
            "Marca": 9.77,
            "Genero": "Masculino",
            "Nombre": "Ferdinand Omanyala",
            "Pais": "Kenia",
            "Fecha": "18/01/2021",
            "Lugar": "Nairobi"
        },
        {
            "Disciplina": "100 metros",
            "Marca": 9.77,
            "Genero": "Masculino",
            "Nombre": "Kishane Thompson",
            "Pais": "Jamaica",
            "Fecha": "29/01/2024",
            "Lugar": "Kingston"
        },
        {
            "Disciplina": "100 metros",
            "Marca": 9.78,
            "Genero": "Masculino",
            "Nombre": "Nesta Carter",
            "Pais": "Jamaica",
            "Fecha": "29/01/2010",
            "Lugar": "Rieti"
        },
        {
            "Disciplina": "100 metros",
            "Marca": 9.79,
            "Genero": "Masculino",
            "Nombre": "Maurice Greene",
            "Pais": "Estados Unidos",
            "Fecha": "16/01/1999",
            "Lugar": "Atenas"
        },
        {
            "Disciplina": "100 metros",
            "Marca": 9.79,
            "Genero": "Masculino",
            "Nombre": "Noah Lyles",
            "Pais": "Estados Unidos",
            "Fecha": "04/01/2024",
            "Lugar": "París"
        },
        {
            "Disciplina": "100 metros",
            "Marca": 9.8,
            "Genero": "Masculino",
            "Nombre": "Steve Mullings",
            "Pais": "Jamaica",
            "Fecha": "04/01/2011",
            "Lugar": "Eugene"
        },
        {
            "Disciplina": "100 metros",
            "Marca": 9.8,
            "Genero": "Masculino",
            "Nombre": "Marcell Jacobs",
            "Pais": "Italia",
            "Fecha": "01/01/2021",
            "Lugar": "Tokio"
        },
        {
            "Disciplina": "100 metros",
            "Marca": 9.81,
            "Genero": "Masculino",
            "Nombre": "Oblique Seville",
            "Pais": "Jamaica",
            "Fecha": "04/01/2024",
            "Lugar": "París"
        },
        {
            "Disciplina": "100 metros",
            "Marca": 9.82,
            "Genero": "Masculino",
            "Nombre": "Richard Thompson",
            "Pais": "Trinidad y Tobago",
            "Fecha": "21/01/2014",
            "Lugar": "Puerto España"
        },
        {
            "Disciplina": "100 metros",
            "Marca": 9.82,
            "Genero": "Masculino",
            "Nombre": "Akani Simbine",
            "Pais": "Sudáfrica",
            "Fecha": "04/01/2024",
            "Lugar": "París"
        },
        {
            "Disciplina": "100 metros",
            "Marca": 9.83,
            "Genero": "Masculino",
            "Nombre": "Su Bingtian",
            "Pais": "China",
            "Fecha": "01/01/2021",
            "Lugar": "Tokio"
        },
        {
            "Disciplina": "100 metros",
            "Marca": 9.83,
            "Genero": "Masculino",
            "Nombre": "Ronnie Baker",
            "Pais": "Estados Unidos",
            "Fecha": "01/01/2021",
            "Lugar": "Tokio"
        },
        {
            "Disciplina": "100 metros",
            "Marca": 10.49,
            "Genero": "Femenino",
            "Nombre": "Florence Griffith-Joyner",
            "Pais": "Estados Unidos",
            "Fecha": "16/01/1988",
            "Lugar": "Indianapolis"
        },
        {
            "Disciplina": "100 metros",
            "Marca": 10.54,
            "Genero": "Femenino",
            "Nombre": "Elaine Thompson-Herah",
            "Pais": "Jamaica",
            "Fecha": "21/01/2021",
            "Lugar": "Eugene"
        },
        {
            "Disciplina": "100 metros",
            "Marca": 10.6,
            "Genero": "Femenino",
            "Nombre": "Shelly-Ann Fraser-Pryce",
            "Pais": "Jamaica",
            "Fecha": "26/01/2021",
            "Lugar": "Lausana"
        },
        {
            "Disciplina": "100 metros",
            "Marca": 10.64,
            "Genero": "Femenino",
            "Nombre": "Carmelita Jeter",
            "Pais": "Estados Unidos",
            "Fecha": "20/01/2009",
            "Lugar": "Shanghái"
        },
        {
            "Disciplina": "100 metros",
            "Marca": 10.65,
            "Genero": "Femenino",
            "Nombre": "Marion Jones",
            "Pais": "Estados Unidos",
            "Fecha": "12/01/1998",
            "Lugar": "Johannesburgo"
        },
        {
            "Disciplina": "100 metros",
            "Marca": 10.65,
            "Genero": "Femenino",
            "Nombre": "Shericka Jackson",
            "Pais": "Jamaica",
            "Fecha": "07/01/2023",
            "Lugar": "Kingston"
        },
        {
            "Disciplina": "100 metros",
            "Marca": 10.65,
            "Genero": "Femenino",
            "Nombre": "Sha'Carri Richardson",
            "Pais": "Estados Unidos",
            "Fecha": "21/01/2023",
            "Lugar": "Budapest"
        },
        {
            "Disciplina": "100 metros",
            "Marca": 10.72,
            "Genero": "Femenino",
            "Nombre": "Marie-Josée Ta Lou",
            "Pais": "Costa de Marfil",
            "Fecha": "10/01/2022",
            "Lugar": "Monaco"
        },
        {
            "Disciplina": "100 metros",
            "Marca": 10.72,
            "Genero": "Femenino",
            "Nombre": "Julien Alfred",
            "Pais": "Santa Lucía",
            "Fecha": "03/01/2024",
            "Lugar": "París"
        },
        {
            "Disciplina": "100 metros",
            "Marca": 10.73,
            "Genero": "Femenino",
            "Nombre": "Christine Arron",
            "Pais": "Francia",
            "Fecha": "19/01/1998",
            "Lugar": "Budapest"
        },
        {
            "Disciplina": "100 metros",
            "Marca": 10.74,
            "Genero": "Femenino",
            "Nombre": "Merlene Ottey",
            "Pais": "Jamaica",
            "Fecha": "07/01/1996",
            "Lugar": "Milán"
        },
        {
            "Disciplina": "100 metros",
            "Marca": 10.74,
            "Genero": "Femenino",
            "Nombre": "English Gardner",
            "Pais": "Estados Unidos",
            "Fecha": "03/01/2016",
            "Lugar": "Eugene"
        },
        {
            "Disciplina": "100 metros",
            "Marca": 10.75,
            "Genero": "Femenino",
            "Nombre": "Kerron Stewart",
            "Pais": "Jamaica",
            "Fecha": "10/01/2009",
            "Lugar": "Roma"
        },
        {
            "Disciplina": "100 metros",
            "Marca": 10.76,
            "Genero": "Femenino",
            "Nombre": "Evelyn Ashford",
            "Pais": "Estados Unidos",
            "Fecha": "22/01/1984",
            "Lugar": "Zúrich"
        },
        {
            "Disciplina": "100 metros",
            "Marca": 10.76,
            "Genero": "Femenino",
            "Nombre": "Veronica Campbell-Brown",
            "Pais": "Jamaica",
            "Fecha": "31/01/2011",
            "Lugar": "Ostrava"
        },
        {
            "Disciplina": "100 metros",
            "Marca": 10.77,
            "Genero": "Femenino",
            "Nombre": "Irina Privalova",
            "Pais": "Rusia",
            "Fecha": "06/01/1994",
            "Lugar": "Lausana"
        },
        {
            "Disciplina": "100 metros",
            "Marca": 10.77,
            "Genero": "Femenino",
            "Nombre": "Ivet Lalova",
            "Pais": "Bulgaria",
            "Fecha": "19/01/2004",
            "Lugar": "Plovdiv"
        },
        {
            "Disciplina": "100 metros",
            "Marca": 10.77,
            "Genero": "Femenino",
            "Nombre": "Jacious Sears",
            "Pais": "Estados Unidos",
            "Fecha": "13/01/2024",
            "Lugar": "Gainesville"
        },
        {
            "Disciplina": "100 metros",
            "Marca": 10.78,
            "Genero": "Femenino",
            "Nombre": "Dawn Sowell",
            "Pais": "Estados Unidos",
            "Fecha": "03/01/1989",
            "Lugar": "Provo"
        },
        {
            "Disciplina": "100 metros",
            "Marca": 10.78,
            "Genero": "Femenino",
            "Nombre": "Torri Edwards",
            "Pais": "Estados Unidos",
            "Fecha": "28/01/2008",
            "Lugar": "Eugene"
        },
        {
            "Disciplina": "1500 metros",
            "Marca": "00:03:26",
            "Genero": "Masculino",
            "Nombre": "Hicham El Guerrouj",
            "Pais": "Marruecos",
            "Fecha": "14/01/1998",
            "Lugar": "Roma"
        },
        {
            "Disciplina": "1500 metros",
            "Marca": "00:03:26",
            "Genero": "Masculino",
            "Nombre": "Bernard Lagat",
            "Pais": "Kenia",
            "Fecha": "24/01/2001",
            "Lugar": "Bruselas"
        },
        {
            "Disciplina": "1500 metros",
            "Marca": "00:03:27",
            "Genero": "Masculino",
            "Nombre": "Asbel Kiprop",
            "Pais": "Kenia",
            "Fecha": "17/01/2015",
            "Lugar": "Mónaco"
        },
        {
            "Disciplina": "1500 metros",
            "Marca": "00:03:27",
            "Genero": "Masculino",
            "Nombre": "Jakob Ingebrigtsen",
            "Pais": "Noruega",
            "Fecha": "12/01/2024",
            "Lugar": "Mónaco"
        },
        {
            "Disciplina": "1500 metros",
            "Marca": "00:03:27",
            "Genero": "Masculino",
            "Nombre": "Noureddine Morceli",
            "Pais": "Argelia",
            "Fecha": "12/01/1995",
            "Lugar": "Niza"
        },
        {
            "Disciplina": "1500 metros",
            "Marca": "00:03:28",
            "Genero": "Masculino",
            "Nombre": "Silas Kiplagat",
            "Pais": "Kenia",
            "Fecha": "18/01/2014",
            "Lugar": "Mónaco"
        },
        {
            "Disciplina": "1500 metros",
            "Marca": "00:03:28",
            "Genero": "Masculino",
            "Nombre": "Cole Hocker",
            "Pais": "Estados Unidos",
            "Fecha": "06/01/2024",
            "Lugar": "Saint-Denis"
        },
        {
            "Disciplina": "1500 metros",
            "Marca": "00:03:28",
            "Genero": "Masculino",
            "Nombre": "Josh Kerr",
            "Pais": "Reino Unido",
            "Fecha": "06/01/2024",
            "Lugar": "Saint-Denis"
        },
        {
            "Disciplina": "1500 metros",
            "Marca": "00:03:28",
            "Genero": "Masculino",
            "Nombre": "Yared Nuguse",
            "Pais": "Estados Unidos",
            "Fecha": "06/01/2024",
            "Lugar": "Saint-Denis"
        },
        {
            "Disciplina": "1500 metros",
            "Marca": "00:03:28",
            "Genero": "Masculino",
            "Nombre": "Noah Ngeny",
            "Pais": "Kenia",
            "Fecha": "11/01/2000",
            "Lugar": "Zürich"
        },
        {
            "Disciplina": "1500 metros",
            "Marca": "00:03:28",
            "Genero": "Masculino",
            "Nombre": "Timothy Cheruiyot",
            "Pais": "Kenia",
            "Fecha": "20/01/2018",
            "Lugar": "Mónaco"
        },
        {
            "Disciplina": "1500 metros",
            "Marca": "00:03:29",
            "Genero": "Masculino",
            "Nombre": "Taoufik Makhloufi",
            "Pais": "Argelia",
            "Fecha": "17/01/2015",
            "Lugar": "Mónaco"
        },
        {
            "Disciplina": "1500 metros",
            "Marca": "00:03:29",
            "Genero": "Masculino",
            "Nombre": "Mohamed Katir",
            "Pais": "España",
            "Fecha": "09/01/2021",
            "Lugar": "Mónaco"
        },
        {
            "Disciplina": "1500 metros",
            "Marca": "00:03:29",
            "Genero": "Masculino",
            "Nombre": "Abdalaati Iguider",
            "Pais": "Marruecos",
            "Fecha": "17/01/2015",
            "Lugar": "Mónaco"
        },
        {
            "Disciplina": "1500 metros",
            "Marca": "00:03:29",
            "Genero": "Masculino",
            "Nombre": "Elijah Manangoi",
            "Pais": "Kenia",
            "Fecha": "21/01/2017",
            "Lugar": "Mónaco"
        },
        {
            "Disciplina": "1500 metros",
            "Marca": "00:03:29",
            "Genero": "Masculino",
            "Nombre": "Brian Komen",
            "Pais": "Kenia",
            "Fecha": "12/01/2024",
            "Lugar": "Mónaco"
        },
        {
            "Disciplina": "1500 metros",
            "Marca": "00:03:29",
            "Genero": "Masculino",
            "Nombre": "Mo Farah",
            "Pais": "Reino Unido",
            "Fecha": "19/01/2013",
            "Lugar": "Mónaco"
        },
        {
            "Disciplina": "1500 metros",
            "Marca": "00:03:29",
            "Genero": "Masculino",
            "Nombre": "Ronald Kwemoi",
            "Pais": "Kenia",
            "Fecha": "18/01/2014",
            "Lugar": "Mónaco"
        },
        {
            "Disciplina": "1500 metros",
            "Marca": "00:03:29",
            "Genero": "Masculino",
            "Nombre": "Fermín Cacho",
            "Pais": "España",
            "Fecha": "13/01/1997",
            "Lugar": "Zürich"
        },
        {
            "Disciplina": "1500 metros",
            "Marca": "00:03:29",
            "Genero": "Masculino",
            "Nombre": "Mehdi Baala",
            "Pais": "Francia",
            "Fecha": "05/01/2003",
            "Lugar": "Bruselas"
        },
        {
            "Disciplina": "1500 metros",
            "Marca": "00:03:29",
            "Genero": "Masculino",
            "Nombre": "Daniel Kipchirchir Komen",
            "Pais": "Kenia",
            "Fecha": "21/01/2006",
            "Lugar": "Roma"
        },
        {
            "Disciplina": "1500 metros",
            "Marca": "00:03:29",
            "Genero": "Masculino",
            "Nombre": "Abel Kipsang",
            "Pais": "Kenia",
            "Fecha": "16/01/2023",
            "Lugar": "Chorzów"
        },
        {
            "Disciplina": "1500 metros",
            "Marca": "00:03:29",
            "Genero": "Masculino",
            "Nombre": "Rashid Ramzi",
            "Pais": "Baréin",
            "Fecha": "14/01/2006",
            "Lugar": "Roma"
        },
        {
            "Disciplina": "1500 metros",
            "Marca": "00:03:29",
            "Genero": "Masculino",
            "Nombre": "Venuste Niyongabo",
            "Pais": "Burundi",
            "Fecha": "22/01/1997",
            "Lugar": "Bruselas"
        },
        {
            "Disciplina": "1500 metros",
            "Marca": "00:03:29",
            "Genero": "Masculino",
            "Nombre": "Mario García Romo",
            "Pais": "España",
            "Fecha": "15/01/2023",
            "Lugar": "Oslo"
        },
        {
            "Disciplina": "1500 metros",
            "Marca": "00:03:49",
            "Genero": "Femenino",
            "Nombre": "Faith Kipyegon",
            "Pais": "Kenia",
            "Fecha": "07/01/2024",
            "Lugar": "París"
        },
        {
            "Disciplina": "1500 metros",
            "Marca": "00:03:50",
            "Genero": "Femenino",
            "Nombre": "Genzebe Dibaba",
            "Pais": "Etiopía",
            "Fecha": "17/01/2015",
            "Lugar": "Mónaco"
        },
        {
            "Disciplina": "1500 metros",
            "Marca": "00:03:50",
            "Genero": "Femenino",
            "Nombre": "Gudaf Tsegay",
            "Pais": "Etiopía",
            "Fecha": "20/01/2024",
            "Lugar": "Xiamen"
        },
        {
            "Disciplina": "1500 metros",
            "Marca": "00:03:50",
            "Genero": "Femenino",
            "Nombre": "Yunxia Qu",
            "Pais": "China",
            "Fecha": "11/01/1993",
            "Lugar": "Pekín"
        },
        {
            "Disciplina": "1500 metros",
            "Marca": "00:03:51",
            "Genero": "Femenino",
            "Nombre": "Jessica Hull",
            "Pais": "Australia",
            "Fecha": "07/01/2024",
            "Lugar": "París"
        },
        {
            "Disciplina": "1500 metros",
            "Marca": "00:03:51",
            "Genero": "Femenino",
            "Nombre": "Jiang Bo",
            "Pais": "China",
            "Fecha": "18/01/1997",
            "Lugar": "Shanghái"
        },
        {
            "Disciplina": "1500 metros",
            "Marca": "00:03:51",
            "Genero": "Femenino",
            "Nombre": "Yinglai Lang",
            "Pais": "China",
            "Fecha": "18/01/1997",
            "Lugar": "Shanghái"
        },
        {
            "Disciplina": "1500 metros",
            "Marca": "00:03:52",
            "Genero": "Femenino",
            "Nombre": "Junxia Wang",
            "Pais": "China",
            "Fecha": "11/01/1993",
            "Lugar": "Pekín"
        },
        {
            "Disciplina": "1500 metros",
            "Marca": "00:03:52",
            "Genero": "Femenino",
            "Nombre": "Sifan Hassan",
            "Pais": "Países Bajos",
            "Fecha": "05/01/2019",
            "Lugar": "Doha"
        },
        {
            "Disciplina": "1500 metros",
            "Marca": "00:03:52",
            "Genero": "Femenino",
            "Nombre": "Tatyana Kazankina",
            "Pais": "Unión Soviética",
            "Fecha": "13/01/1980",
            "Lugar": "Zúrich"
        },
        {
            "Disciplina": "1500 metros",
            "Marca": "00:03:53",
            "Genero": "Femenino",
            "Nombre": "Georgia Bell",
            "Pais": "Reino Unido",
            "Fecha": "10/01/2024",
            "Lugar": "Saint-Denis"
        },
        {
            "Disciplina": "1500 metros",
            "Marca": "00:03:53",
            "Genero": "Femenino",
            "Nombre": "Diribe Welteji",
            "Pais": "Etiopía",
            "Fecha": "10/01/2024",
            "Lugar": "Saint-Denis"
        },
        {
            "Disciplina": "1500 metros",
            "Marca": "00:03:53",
            "Genero": "Femenino",
            "Nombre": "Birke Haylom",
            "Pais": "Etiopía",
            "Fecha": "20/01/2024",
            "Lugar": "Xiamen"
        },
        {
            "Disciplina": "1500 metros",
            "Marca": "00:03:53",
            "Genero": "Femenino",
            "Nombre": "Laura Muir",
            "Pais": "Reino Unido",
            "Fecha": "10/01/2024",
            "Lugar": "Saint-Denis"
        },
        {
            "Disciplina": "1500 metros",
            "Marca": "00:03:54",
            "Genero": "Femenino",
            "Nombre": "Lili Yin",
            "Pais": "China",
            "Fecha": "18/01/1997",
            "Lugar": "Shanghái"
        },
        {
            "Disciplina": "1500 metros",
            "Marca": "00:03:54",
            "Genero": "Femenino",
            "Nombre": "Paula Ivan",
            "Pais": "Rumania",
            "Fecha": "01/01/1988",
            "Lugar": "Seúl"
        },
        {
            "Disciplina": "1500 metros",
            "Marca": "00:03:54",
            "Genero": "Femenino",
            "Nombre": "Lixin Lan",
            "Pais": "China",
            "Fecha": "18/01/1997",
            "Lugar": "Shanghái"
        },
        {
            "Disciplina": "1500 metros",
            "Marca": "00:03:54",
            "Genero": "Femenino",
            "Nombre": "Olga Dvirna",
            "Pais": "Unión Soviética",
            "Fecha": "27/01/1982",
            "Lugar": "Kiev"
        },
        {
            "Disciplina": "1500 metros",
            "Marca": "00:03:55",
            "Genero": "Femenino",
            "Nombre": "Zhang Ling",
            "Pais": "China",
            "Fecha": "18/01/1997",
            "Lugar": "Shanghái"
        },
        {
            "Disciplina": "1500 metros",
            "Marca": "00:03:55",
            "Genero": "Femenino",
            "Nombre": "Hirut Meshesha",
            "Pais": "Etiopía",
            "Fecha": "16/01/2023",
            "Lugar": "Chorzów"
        },
        {
            "Disciplina": "1500 metros",
            "Marca": "00:03:55",
            "Genero": "Femenino",
            "Nombre": "Shelby Houlihan",
            "Pais": "Estados Unidos",
            "Fecha": "05/01/2019",
            "Lugar": "Doha"
        },
        {
            "Disciplina": "1500 metros",
            "Marca": "00:03:55",
            "Genero": "Femenino",
            "Nombre": "Yanmei Dong",
            "Pais": "China",
            "Fecha": "18/01/1997",
            "Lugar": "Shanghái"
        },
        {
            "Disciplina": "1500 metros",
            "Marca": "00:03:55",
            "Genero": "Femenino",
            "Nombre": "Hassiba Boulmerka",
            "Pais": "Argelia",
            "Fecha": "08/01/1992",
            "Lugar": "Barcelona"
        },
        {
            "Disciplina": "1500 metros",
            "Marca": "00:03:55",
            "Genero": "Femenino",
            "Nombre": "Süreyya Ayhan",
            "Pais": "Turquía",
            "Fecha": "05/01/2003",
            "Lugar": "Bruselas"
        },
        {
            "Disciplina": "1500 metros",
            "Marca": "00:03:55",
            "Genero": "Femenino",
            "Nombre": "Nikki Hiltz",
            "Pais": "Estados Unidos",
            "Fecha": "30/01/2024",
            "Lugar": "Eugene"
        },
        {
            "Disciplina": "Lanzamiento de peso",
            "Marca": 23.56,
            "Genero": "Masculino",
            "Nombre": "Ryan Crouser",
            "Pais": "Estados Unidos",
            "Fecha": "28/01/2023",
            "Lugar": "Los Ángeles"
        },
        {
            "Disciplina": "Lanzamiento de peso",
            "Marca": 23.12,
            "Genero": "Masculino",
            "Nombre": "Randy Barnes",
            "Pais": "Estados Unidos",
            "Fecha": "20/01/1990",
            "Lugar": "Westwood"
        },
        {
            "Disciplina": "Lanzamiento de peso",
            "Marca": 23.06,
            "Genero": "Masculino",
            "Nombre": "Ulf Timmermann",
            "Pais": "República Democrática Alemana",
            "Fecha": "22/01/1988",
            "Lugar": "La Canea"
        },
        {
            "Disciplina": "Lanzamiento de peso",
            "Marca": 22.91,
            "Genero": "Masculino",
            "Nombre": "Alessandro Andrei",
            "Pais": "Italia",
            "Fecha": "12/01/1987",
            "Lugar": "Viareggio"
        },
        {
            "Disciplina": "Lanzamiento de peso",
            "Marca": 22.91,
            "Genero": "Masculino",
            "Nombre": "Joe Kovacs",
            "Pais": "Estados Unidos",
            "Fecha": "05/01/2019",
            "Lugar": "Doha"
        },
        {
            "Disciplina": "Lanzamiento de peso",
            "Marca": 22.9,
            "Genero": "Masculino",
            "Nombre": "Tomas Walsh",
            "Pais": "Nueva Zelanda",
            "Fecha": "05/01/2019",
            "Lugar": "Doha"
        },
        {
            "Disciplina": "Lanzamiento de peso",
            "Marca": 22.86,
            "Genero": "Masculino",
            "Nombre": "Brian Oldfield",
            "Pais": "Estados Unidos",
            "Fecha": "10/01/1975",
            "Lugar": "El Paso"
        },
        {
            "Disciplina": "Lanzamiento de peso",
            "Marca": 22.75,
            "Genero": "Masculino",
            "Nombre": "Werner Günthör",
            "Pais": "Suiza",
            "Fecha": "23/01/1988",
            "Lugar": "Berna"
        },
        {
            "Disciplina": "Lanzamiento de peso",
            "Marca": 22.67,
            "Genero": "Masculino",
            "Nombre": "Kevin Toth",
            "Pais": "Estados Unidos",
            "Fecha": "19/01/2003",
            "Lugar": "Lawrence"
        },
        {
            "Disciplina": "Lanzamiento de peso",
            "Marca": 22.64,
            "Genero": "Masculino",
            "Nombre": "Udo Beyer",
            "Pais": "República Democrática Alemana",
            "Fecha": "20/01/1986",
            "Lugar": "Berlín"
        },
        {
            "Disciplina": "Lanzamiento de peso",
            "Marca": 22.61,
            "Genero": "Masculino",
            "Nombre": "Darlan Romani",
            "Pais": "Brasil",
            "Fecha": "30/01/2019",
            "Lugar": "Stanford"
        },
        {
            "Disciplina": "Lanzamiento de peso",
            "Marca": 22.54,
            "Genero": "Masculino",
            "Nombre": "Christian Cantwell",
            "Pais": "Estados Unidos",
            "Fecha": "05/01/2004",
            "Lugar": "Gresham"
        },
        {
            "Disciplina": "Lanzamiento de peso",
            "Marca": 22.52,
            "Genero": "Masculino",
            "Nombre": "John Brenner",
            "Pais": "Estados Unidos",
            "Fecha": "26/01/1987",
            "Lugar": "Walnut"
        },
        {
            "Disciplina": "Lanzamiento de peso",
            "Marca": 22.51,
            "Genero": "Masculino",
            "Nombre": "Adam Nelson",
            "Pais": "Estados Unidos",
            "Fecha": "18/01/2002",
            "Lugar": "Gresham"
        },
        {
            "Disciplina": "Lanzamiento de peso",
            "Marca": 22.44,
            "Genero": "Masculino",
            "Nombre": "Darrell Hill",
            "Pais": "Estados Unidos",
            "Fecha": "31/01/2017",
            "Lugar": "Bruselas"
        },
        {
            "Disciplina": "Lanzamiento de peso",
            "Marca": 22.43,
            "Genero": "Masculino",
            "Nombre": "Reese Hoffa",
            "Pais": "Estados Unidos",
            "Fecha": "03/01/2007",
            "Lugar": "Londres"
        },
        {
            "Disciplina": "Lanzamiento de peso",
            "Marca": 22.32,
            "Genero": "Masculino",
            "Nombre": "Michał Haratyk",
            "Pais": "Polonia",
            "Fecha": "28/01/2019",
            "Lugar": "Varsovia"
        },
        {
            "Disciplina": "Lanzamiento de peso",
            "Marca": 22.28,
            "Genero": "Masculino",
            "Nombre": "Ryan Whiting",
            "Pais": "Estados Unidos",
            "Fecha": "10/01/2013",
            "Lugar": "Doha"
        },
        {
            "Disciplina": "Lanzamiento de peso",
            "Marca": 22.25,
            "Genero": "Masculino",
            "Nombre": "Konrad Bukowiecki",
            "Pais": "Polonia",
            "Fecha": "14/01/2019",
            "Lugar": "Chorzow"
        },
        {
            "Disciplina": "Lanzamiento de peso",
            "Marca": 22.24,
            "Genero": "Masculino",
            "Nombre": "Sergey Smirnov",
            "Pais": "Unión Soviética",
            "Fecha": "21/01/1986",
            "Lugar": "Tallin"
        },
        {
            "Disciplina": "Lanzamiento de peso",
            "Marca": 22.22,
            "Genero": "Masculino",
            "Nombre": "Bob Bertemes",
            "Pais": "Luxemburgo",
            "Fecha": "04/01/2019",
            "Lugar": "Luxemburgo"
        },
        {
            "Disciplina": "Lanzamiento de peso",
            "Marca": 22.21,
            "Genero": "Masculino",
            "Nombre": "Dylan Armstrong",
            "Pais": "Canadá",
            "Fecha": "25/01/2011",
            "Lugar": "Calgary"
        },
        {
            "Disciplina": "Lanzamiento de peso",
            "Marca": 22.2,
            "Genero": "Masculino",
            "Nombre": "David Storl",
            "Pais": "Alemania",
            "Fecha": "09/01/2015",
            "Lugar": "Lausana"
        },
        {
            "Disciplina": "Lanzamiento de peso",
            "Marca": 22.2,
            "Genero": "Masculino",
            "Nombre": "John Godina",
            "Pais": "Estados Unidos",
            "Fecha": "22/01/2005",
            "Lugar": "Carson"
        },
        {
            "Disciplina": "Lanzamiento de peso",
            "Marca": 22.17,
            "Genero": "Masculino",
            "Nombre": "Tomáš Staněk",
            "Pais": "República Checa",
            "Fecha": "06/01/2018",
            "Lugar": "Düsseldorf"
        },
        {
            "Disciplina": "Lanzamiento de peso",
            "Marca": 22.63,
            "Genero": "Femenino",
            "Nombre": "Natalya Lisovskaya",
            "Pais": "Unión Soviética",
            "Fecha": "07/01/1987",
            "Lugar": "Moscú"
        },
        {
            "Disciplina": "Lanzamiento de peso",
            "Marca": 22.5,
            "Genero": "Femenino",
            "Nombre": "Helena Fibingerová",
            "Pais": "Checoslovaquia",
            "Fecha": "19/01/1977",
            "Lugar": "Jablonec nad Nisou"
        },
        {
            "Disciplina": "Lanzamiento de peso",
            "Marca": 22.45,
            "Genero": "Femenino",
            "Nombre": "Ilona Slupianek",
            "Pais": "República Democrática Alemana",
            "Fecha": "11/01/1980",
            "Lugar": "Potsdam"
        },
        {
            "Disciplina": "Lanzamiento de peso",
            "Marca": 22.19,
            "Genero": "Femenino",
            "Nombre": "Claudia Losch",
            "Pais": "Alemania Occidental",
            "Fecha": "23/01/1987",
            "Lugar": "Hainfeld"
        },
        {
            "Disciplina": "Lanzamiento de peso",
            "Marca": 21.89,
            "Genero": "Femenino",
            "Nombre": "Ivanka Khristova",
            "Pais": "Bulgaria",
            "Fecha": "04/01/1976",
            "Lugar": "Belmeken"
        },
        {
            "Disciplina": "Lanzamiento de peso",
            "Marca": 21.86,
            "Genero": "Femenino",
            "Nombre": "Marianne Adam",
            "Pais": "República Democrática Alemana",
            "Fecha": "23/01/1979",
            "Lugar": "Leipzig"
        },
        {
            "Disciplina": "Lanzamiento de peso",
            "Marca": 21.76,
            "Genero": "Femenino",
            "Nombre": "Li Meisu",
            "Pais": "China",
            "Fecha": "23/01/1988",
            "Lugar": "Shijiazhuang"
        },
        {
            "Disciplina": "Lanzamiento de peso",
            "Marca": 21.73,
            "Genero": "Femenino",
            "Nombre": "Natalya Akhrimenko",
            "Pais": "Unión Soviética",
            "Fecha": "21/01/1988",
            "Lugar": "Leselidze"
        },
        {
            "Disciplina": "Lanzamiento de peso",
            "Marca": 21.7,
            "Genero": "Femenino",
            "Nombre": "Nadzeya Ostapchuk",
            "Pais": "Bielorrusia",
            "Fecha": "12/01/2010",
            "Lugar": "Maguilov"
        },
        {
            "Disciplina": "Lanzamiento de peso",
            "Marca": 21.69,
            "Genero": "Femenino",
            "Nombre": "Vita Pavlysh",
            "Pais": "Ucrania",
            "Fecha": "15/01/1998",
            "Lugar": "Budapest"
        },
        {
            "Disciplina": "Lanzamiento de peso",
            "Marca": 21.66,
            "Genero": "Femenino",
            "Nombre": "Sui Xinmei",
            "Pais": "China",
            "Fecha": "09/01/1990",
            "Lugar": "Pekín"
        },
        {
            "Disciplina": "Lanzamiento de peso",
            "Marca": 21.62,
            "Genero": "Femenino",
            "Nombre": "Verzhinia Veselinova",
            "Pais": "Bulgaria",
            "Fecha": "21/01/1982",
            "Lugar": "Sofía"
        },
        {
            "Disciplina": "Lanzamiento de peso",
            "Marca": 21.6,
            "Genero": "Femenino",
            "Nombre": "Valentina Fedyushina",
            "Pais": "Unión Soviética",
            "Fecha": "28/01/1991",
            "Lugar": "Simferópol"
        },
        {
            "Disciplina": "Lanzamiento de peso",
            "Marca": 21.58,
            "Genero": "Femenino",
            "Nombre": "Margitta Pufe",
            "Pais": "República Democrática Alemana",
            "Fecha": "28/01/1978",
            "Lugar": "Erfurt"
        },
        {
            "Disciplina": "Lanzamiento de peso",
            "Marca": 21.57,
            "Genero": "Femenino",
            "Nombre": "Ines Müller",
            "Pais": "República Democrática Alemana",
            "Fecha": "16/01/1988",
            "Lugar": "Atenas"
        },
        {
            "Disciplina": "Lanzamiento de peso",
            "Marca": 21.53,
            "Genero": "Femenino",
            "Nombre": "Nunu Abashidze",
            "Pais": "Unión Soviética",
            "Fecha": "20/01/1984",
            "Lugar": "Kiev"
        },
        {
            "Disciplina": "Lanzamiento de peso",
            "Marca": 21.52,
            "Genero": "Femenino",
            "Nombre": "Huang Zhihong",
            "Pais": "China",
            "Fecha": "27/01/1990",
            "Lugar": "Pekín"
        },
        {
            "Disciplina": "Lanzamiento de peso",
            "Marca": 21.46,
            "Genero": "Femenino",
            "Nombre": "Larisa Peleshenko",
            "Pais": "Rusia",
            "Fecha": "26/01/2000",
            "Lugar": "Budapest"
        },
        {
            "Disciplina": "Lanzamiento de peso",
            "Marca": 21.45,
            "Genero": "Femenino",
            "Nombre": "Nadezhda Chizhova",
            "Pais": "Unión Soviética",
            "Fecha": "29/01/1973",
            "Lugar": "Varna"
        },
        {
            "Disciplina": "Lanzamiento de peso",
            "Marca": 21.43,
            "Genero": "Femenino",
            "Nombre": "Eva Wilms",
            "Pais": "Alemania Occidental",
            "Fecha": "27/01/1977",
            "Lugar": "Múnich"
        },
        {
            "Disciplina": "Lanzamiento de peso",
            "Marca": 21.42,
            "Genero": "Femenino",
            "Nombre": "Svetlana Krachevskaya",
            "Pais": "Unión Soviética",
            "Fecha": "24/01/1980",
            "Lugar": "Moscú"
        },
        {
            "Disciplina": "Lanzamiento de peso",
            "Marca": 21.31,
            "Genero": "Femenino",
            "Nombre": "Heike Hartwig",
            "Pais": "República Democrática Alemana",
            "Fecha": "16/01/1988",
            "Lugar": "Atenas"
        },
        {
            "Disciplina": "Lanzamiento de peso",
            "Marca": 21.27,
            "Genero": "Femenino",
            "Nombre": "Liane Schmuhl",
            "Pais": "República Democrática Alemana",
            "Fecha": "26/01/1982",
            "Lugar": "Cottbus"
        },
        {
            "Disciplina": "Lanzamiento de peso",
            "Marca": 21.24,
            "Genero": "Femenino",
            "Nombre": "Valerie Adams",
            "Pais": "Nueva Zelanda",
            "Fecha": "29/01/2011",
            "Lugar": "Daegu"
        },
        {
            "Disciplina": "Lanzamiento de peso",
            "Marca": 21.22,
            "Genero": "Femenino",
            "Nombre": "Astrid Kumbernuss",
            "Pais": "Alemania",
            "Fecha": "05/01/1995",
            "Lugar": "Gotemburgo"
        },
        {
            "Disciplina": "Salto de altura",
            "Marca": 2.45,
            "Genero": "Masculino",
            "Nombre": "Javier Sotomayor",
            "Pais": "Cuba",
            "Fecha": "27/01/1993",
            "Lugar": " Salamanca, España"
        },
        {
            "Disciplina": "Salto de altura",
            "Marca": 2.43,
            "Genero": "Masculino",
            "Nombre": "Mutaz Essa Barshim",
            "Pais": "Catar",
            "Fecha": "05/01/2014",
            "Lugar": " Bruselas, Bélgica"
        },
        {
            "Disciplina": "Salto de altura",
            "Marca": 2.42,
            "Genero": "Masculino",
            "Nombre": "Bohdan Bondarenko",
            "Pais": "Ucrania",
            "Fecha": "04/01/2013",
            "Lugar": " Lausana, Suiza"
        },
        {
            "Disciplina": "Salto de altura",
            "Marca": 2.42,
            "Genero": "Masculino",
            "Nombre": "Patrik Sjöberg",
            "Pais": "Suecia",
            "Fecha": "30/01/1987",
            "Lugar": " Estocolmo, Suecia"
        },
        {
            "Disciplina": "Salto de altura",
            "Marca": 2.41,
            "Genero": "Masculino",
            "Nombre": "Ígor Paklin",
            "Pais": "Unión Soviética",
            "Fecha": "04/01/1985",
            "Lugar": " Kōbe, Japón"
        },
        {
            "Disciplina": "Salto de altura",
            "Marca": 2.41,
            "Genero": "Masculino",
            "Nombre": "Iván Újov",
            "Pais": "Rusia",
            "Fecha": "09/01/2014",
            "Lugar": " Doha, Catar"
        },
        {
            "Disciplina": "Salto de altura",
            "Marca": 2.4,
            "Genero": "Masculino",
            "Nombre": "Rudolf Povarnitsyn",
            "Pais": "Unión Soviética",
            "Fecha": "11/01/1985",
            "Lugar": " Donetsk, Unión Soviética"
        },
        {
            "Disciplina": "Salto de altura",
            "Marca": 2.4,
            "Genero": "Masculino",
            "Nombre": "Sorin Matei",
            "Pais": "Rumania",
            "Fecha": "20/01/1990",
            "Lugar": " Bratislava, Checoslovaquia"
        },
        {
            "Disciplina": "Salto de altura",
            "Marca": 2.4,
            "Genero": "Masculino",
            "Nombre": "Charles Austin",
            "Pais": "Estados Unidos",
            "Fecha": "07/01/1991",
            "Lugar": " Zúrich, Suiza"
        },
        {
            "Disciplina": "Salto de altura",
            "Marca": 2.4,
            "Genero": "Masculino",
            "Nombre": "Viacheslav Voronin",
            "Pais": "Rusia",
            "Fecha": "05/01/2000",
            "Lugar": " Londres, Reino Unido"
        },
        {
            "Disciplina": "Salto de altura",
            "Marca": 2.4,
            "Genero": "Masculino",
            "Nombre": "Stefan Holm",
            "Pais": "Suecia",
            "Fecha": "06/01/2005",
            "Lugar": " Madrid, España"
        },
        {
            "Disciplina": "Salto de altura",
            "Marca": 2.4,
            "Genero": "Masculino",
            "Nombre": "Derek Drouin",
            "Pais": "Canadá",
            "Fecha": "25/01/2014",
            "Lugar": " Des Moines, Estados Unidos"
        },
        {
            "Disciplina": "Salto de altura",
            "Marca": 2.4,
            "Genero": "Masculino",
            "Nombre": "Andriy Protsenko",
            "Pais": "Ucrania",
            "Fecha": "03/01/2014",
            "Lugar": " Lausana, Suiza"
        },
        {
            "Disciplina": "Salto de altura",
            "Marca": 2.4,
            "Genero": "Masculino",
            "Nombre": "Danil Lysenko",
            "Pais": "Rusia",
            "Fecha": "20/01/2018",
            "Lugar": " Mónaco"
        },
        {
            "Disciplina": "Salto de altura",
            "Marca": 2.1,
            "Genero": "Femenino",
            "Nombre": "Yaroslava Mahuchij",
            "Pais": "Ucrania",
            "Fecha": "07/01/2024",
            "Lugar": " París, Francia"
        },
        {
            "Disciplina": "Salto de altura",
            "Marca": 2.09,
            "Genero": "Femenino",
            "Nombre": "Stefka Kostadinova",
            "Pais": "Bulgaria",
            "Fecha": "30/01/1987",
            "Lugar": " Roma, Italia"
        },
        {
            "Disciplina": "Salto de altura",
            "Marca": 2.08,
            "Genero": "Femenino",
            "Nombre": "Blanka Vlašić",
            "Pais": "Croacia",
            "Fecha": "31/01/2009",
            "Lugar": " Zagreb, Croacia"
        },
        {
            "Disciplina": "Salto de altura",
            "Marca": 2.07,
            "Genero": "Femenino",
            "Nombre": "Liudmila Andonova",
            "Pais": "Bulgaria",
            "Fecha": "20/01/1984",
            "Lugar": " Berlín, Alemania"
        },
        {
            "Disciplina": "Salto de altura",
            "Marca": 2.07,
            "Genero": "Femenino",
            "Nombre": "Anna Chícherova",
            "Pais": "Rusia",
            "Fecha": "22/01/2011",
            "Lugar": " Cheboksary, Rusia"
        },
        {
            "Disciplina": "Salto de altura",
            "Marca": 2.06,
            "Genero": "Femenino",
            "Nombre": "Kajsa Bergqvist",
            "Pais": "Suecia",
            "Fecha": "26/01/2003",
            "Lugar": " Eberstadt, Alemania"
        },
        {
            "Disciplina": "Salto de altura",
            "Marca": 2.06,
            "Genero": "Femenino",
            "Nombre": "Hestrie Cloete",
            "Pais": "Sudáfrica",
            "Fecha": "31/01/2003",
            "Lugar": " París, Francia"
        },
        {
            "Disciplina": "Salto de altura",
            "Marca": 2.06,
            "Genero": "Femenino",
            "Nombre": "Yelena Slesarenko",
            "Pais": "Rusia",
            "Fecha": "28/01/2004",
            "Lugar": " Atenas, Grecia"
        },
        {
            "Disciplina": "Salto de altura",
            "Marca": 2.06,
            "Genero": "Femenino",
            "Nombre": "Ariane Friedrich",
            "Pais": "Alemania",
            "Fecha": "14/01/2009",
            "Lugar": " Berlín, Alemania"
        },
        {
            "Disciplina": "Salto de altura",
            "Marca": 2.06,
            "Genero": "Femenino",
            "Nombre": "Mariya Lasitskene",
            "Pais": "Rusia",
            "Fecha": "06/01/2017",
            "Lugar": " Lausanne, Suiza"
        },
        {
            "Disciplina": "Salto de altura",
            "Marca": 2.06,
            "Genero": "Femenino",
            "Nombre": "Mariya Lasitskene",
            "Pais": "Rusia",
            "Fecha": "20/01/2019",
            "Lugar": " Ostrava, República Checa"
        },
        {
            "Disciplina": "Salto de altura",
            "Marca": 2.05,
            "Genero": "Femenino",
            "Nombre": "Tamara Býkova",
            "Pais": "Unión Soviética",
            "Fecha": "22/01/1984",
            "Lugar": " Kiev, Unión Soviética"
        },
        {
            "Disciplina": "Salto de altura",
            "Marca": 2.05,
            "Genero": "Femenino",
            "Nombre": "Heike Henkel",
            "Pais": "Alemania",
            "Fecha": "31/01/1991",
            "Lugar": " Tokio, Japón"
        },
        {
            "Disciplina": "Salto de altura",
            "Marca": 2.05,
            "Genero": "Femenino",
            "Nombre": "Inha Babakova",
            "Pais": "Ucrania",
            "Fecha": "15/01/1995",
            "Lugar": " Tokio, Japón"
        },
        {
            "Disciplina": "Salto de altura",
            "Marca": 2.05,
            "Genero": "Femenino",
            "Nombre": "Tia Hellebaut",
            "Pais": "Bélgica",
            "Fecha": "23/01/2008",
            "Lugar": " Pekín, China"
        },
        {
            "Disciplina": "Salto de altura",
            "Marca": 2.05,
            "Genero": "Femenino",
            "Nombre": "Chaunté Lowe",
            "Pais": "Estados Unidos",
            "Fecha": "26/01/2010",
            "Lugar": " Des Moines, Estados Unidos"
        },
        {
            "Disciplina": "Salto de longitud",
            "Marca": 8.95,
            "Genero": "Masculino",
            "Nombre": "Mike Powell",
            "Pais": "Estados Unidos",
            "Fecha": "30/01/1991",
            "Lugar": "Tokio"
        },
        {
            "Disciplina": "Salto de longitud",
            "Marca": 8.9,
            "Genero": "Masculino",
            "Nombre": "Bob Beamon",
            "Pais": "Estados Unidos",
            "Fecha": "18/01/1968",
            "Lugar": "México D. F."
        },
        {
            "Disciplina": "Salto de longitud",
            "Marca": 8.87,
            "Genero": "Masculino",
            "Nombre": "Carl Lewis",
            "Pais": "Estados Unidos",
            "Fecha": "30/01/1991",
            "Lugar": "Tokio"
        },
        {
            "Disciplina": "Salto de longitud",
            "Marca": 8.86,
            "Genero": "Masculino",
            "Nombre": "Robert Emmiyan",
            "Pais": "Unión Soviética",
            "Fecha": "22/01/1987",
            "Lugar": "Tsaghkadzor"
        },
        {
            "Disciplina": "Salto de longitud",
            "Marca": 8.74,
            "Genero": "Masculino",
            "Nombre": "Larry Myricks",
            "Pais": "Estados Unidos",
            "Fecha": "13/01/1988",
            "Lugar": "Indianápolis"
        },
        {
            "Disciplina": "Salto de longitud",
            "Marca": 8.74,
            "Genero": "Masculino",
            "Nombre": "Erick Walder",
            "Pais": "Estados Unidos",
            "Fecha": "02/01/1994",
            "Lugar": "El Paso"
        },
        {
            "Disciplina": "Salto de longitud",
            "Marca": 8.74,
            "Genero": "Masculino",
            "Nombre": "Dwight Phillips",
            "Pais": "Estados Unidos",
            "Fecha": "07/01/2009",
            "Lugar": "Eugene"
        },
        {
            "Disciplina": "Salto de longitud",
            "Marca": 8.73,
            "Genero": "Masculino",
            "Nombre": "Irving Saladino",
            "Pais": "Panamá",
            "Fecha": "24/01/2008",
            "Lugar": "Hengelo"
        },
        {
            "Disciplina": "Salto de longitud",
            "Marca": 8.71,
            "Genero": "Masculino",
            "Nombre": "Iván Pedroso",
            "Pais": "Cuba",
            "Fecha": "18/01/1995",
            "Lugar": "Salamanca"
        },
        {
            "Disciplina": "Salto de longitud",
            "Marca": 8.71,
            "Genero": "Masculino",
            "Nombre": "Sebastian Bayer",
            "Pais": "Alemania",
            "Fecha": "08/01/2009",
            "Lugar": "Turín"
        },
        {
            "Disciplina": "Salto de longitud",
            "Marca": 8.69,
            "Genero": "Masculino",
            "Nombre": "Tajay Gayle",
            "Pais": "Jamaica",
            "Fecha": "28/01/2019",
            "Lugar": "Doha"
        },
        {
            "Disciplina": "Salto de longitud",
            "Marca": 8.68,
            "Genero": "Masculino",
            "Nombre": "Juan Miguel Echevarría",
            "Pais": "Cuba",
            "Fecha": "30/01/2018",
            "Lugar": "Bad Langensalza"
        },
        {
            "Disciplina": "Salto de longitud",
            "Marca": 8.66,
            "Genero": "Masculino",
            "Nombre": "Louis Tsatoumas",
            "Pais": "Grecia",
            "Fecha": "02/01/2007",
            "Lugar": "Kalamata"
        },
        {
            "Disciplina": "Salto de longitud",
            "Marca": 8.65,
            "Genero": "Masculino",
            "Nombre": "Luvo Manyonga",
            "Pais": "Sudáfrica",
            "Fecha": "22/01/2017",
            "Lugar": "Potchefstroom"
        },
        {
            "Disciplina": "Salto de longitud",
            "Marca": 8.65,
            "Genero": "Masculino",
            "Nombre": "Miltiadis Tentoglou",
            "Pais": "Grecia",
            "Fecha": "08/01/2024",
            "Lugar": "Roma"
        },
        {
            "Disciplina": "Salto de longitud",
            "Marca": 7.52,
            "Genero": "Femenino",
            "Nombre": "Galina Chistiakova",
            "Pais": "Unión Soviética",
            "Fecha": "11/01/1988",
            "Lugar": "Leningrado"
        },
        {
            "Disciplina": "Salto de longitud",
            "Marca": 7.49,
            "Genero": "Femenino",
            "Nombre": "Jackie Joyner-Kersee",
            "Pais": "Estados Unidos",
            "Fecha": "22/01/1994",
            "Lugar": "Nueva York"
        },
        {
            "Disciplina": "Salto de longitud",
            "Marca": 7.48,
            "Genero": "Femenino",
            "Nombre": "Heike Drechsler",
            "Pais": "Alemania Oriental",
            "Fecha": "09/01/1988",
            "Lugar": "Neubrandenburg"
        },
        {
            "Disciplina": "Salto de longitud",
            "Marca": 7.43,
            "Genero": "Femenino",
            "Nombre": "Anișoara Cușmir-Stanciu",
            "Pais": "Rumania",
            "Fecha": "04/01/1983",
            "Lugar": "Bucarest"
        },
        {
            "Disciplina": "Salto de longitud",
            "Marca": 7.42,
            "Genero": "Femenino",
            "Nombre": "Tatiana Kotova",
            "Pais": "Rusia",
            "Fecha": "23/01/2002",
            "Lugar": "Annecy"
        },
        {
            "Disciplina": "Salto de longitud",
            "Marca": 7.39,
            "Genero": "Femenino",
            "Nombre": "Yelena Belevskaya",
            "Pais": "Unión Soviética",
            "Fecha": "18/01/1987",
            "Lugar": "Briansk"
        },
        {
            "Disciplina": "Salto de longitud",
            "Marca": 7.37,
            "Genero": "Femenino",
            "Nombre": "Inessa Kravets",
            "Pais": "Unión Soviética",
            "Fecha": "11/01/1988",
            "Lugar": "Kiev"
        },
        {
            "Disciplina": "Salto de longitud",
            "Marca": 7.33,
            "Genero": "Femenino",
            "Nombre": "Tatiana Lébedeva",
            "Pais": "Rusia",
            "Fecha": "31/01/2004",
            "Lugar": "Tula"
        },
        {
            "Disciplina": "Salto de longitud",
            "Marca": 7.31,
            "Genero": "Femenino",
            "Nombre": "Yelena Jlopotnova",
            "Pais": "Unión Soviética",
            "Fecha": "12/01/1985",
            "Lugar": "Alma Atá"
        },
        {
            "Disciplina": "Salto de longitud",
            "Marca": 7.31,
            "Genero": "Femenino",
            "Nombre": "Marion Jones",
            "Pais": "Estados Unidos",
            "Fecha": "12/01/1998",
            "Lugar": "Zúrich"
        },
        {
            "Disciplina": "Salto de longitud",
            "Marca": 7.31,
            "Genero": "Femenino",
            "Nombre": "Brittney Reese",
            "Pais": "Estados Unidos",
            "Fecha": "02/01/2016",
            "Lugar": "Eugene"
        },
        {
            "Disciplina": "Salto de longitud",
            "Marca": 7.3,
            "Genero": "Femenino",
            "Nombre": "Malaika Mihambo",
            "Pais": "Alemania",
            "Fecha": "06/01/2019",
            "Lugar": "Doha"
        },
        {
            "Disciplina": "Salto de longitud",
            "Marca": 7.27,
            "Genero": "Femenino",
            "Nombre": "Irina Simagina",
            "Pais": "Rusia",
            "Fecha": "31/01/2004",
            "Lugar": "Tula"
        },
        {
            "Disciplina": "Salto de longitud",
            "Marca": 7.26,
            "Genero": "Femenino",
            "Nombre": "Maurren Higa Maggi",
            "Pais": "Brasil",
            "Fecha": "26/01/1999",
            "Lugar": "Bogotá"
        },
        {
            "Disciplina": "Salto de longitud",
            "Marca": 7.24,
            "Genero": "Femenino",
            "Nombre": "Larisa Berezhnaya",
            "Pais": "Unión Soviética",
            "Fecha": "25/01/1991",
            "Lugar": "Granada"
        },
        {
            "Disciplina": "Salto de longitud",
            "Marca": 7.24,
            "Genero": "Femenino",
            "Nombre": "Ivana Španović",
            "Pais": "Serbia",
            "Fecha": "05/01/2017",
            "Lugar": "Belgrado"
        },
        {
            "Disciplina": "200 metros",
            "Marca": 19.19,
            "Genero": "Masculino",
            "Nombre": "Usain Bolt",
            "Pais": "Bandera de Jamaica Jamaica",
            "Fecha": "20/01/2009",
            "Lugar": "Berlín"
        },
        {
            "Disciplina": "200 metros",
            "Marca": 19.26,
            "Genero": "Masculino",
            "Nombre": "Yohan Blake",
            "Pais": "Bandera de Jamaica Jamaica",
            "Fecha": "16/01/2011",
            "Lugar": "Bruselas"
        },
        {
            "Disciplina": "200 metros",
            "Marca": 19.31,
            "Genero": "Masculino",
            "Nombre": "Noah Lyles",
            "Pais": "Bandera de Estados Unidos Estados Unidos",
            "Fecha": "21/01/2022",
            "Lugar": "Eugene"
        },
        {
            "Disciplina": "200 metros",
            "Marca": 19.32,
            "Genero": "Masculino",
            "Nombre": "Michael Johnson",
            "Pais": "Bandera de Estados Unidos Estados Unidos",
            "Fecha": "01/01/1996",
            "Lugar": "Atlanta"
        },
        {
            "Disciplina": "200 metros",
            "Marca": 19.46,
            "Genero": "Masculino",
            "Nombre": "Letsile Tebogo",
            "Pais": "Bandera de Botsuana Botsuana",
            "Fecha": "08/01/2024",
            "Lugar": "Paris (Francia)"
        },
        {
            "Disciplina": "200 metros",
            "Marca": 19.49,
            "Genero": "Masculino",
            "Nombre": "Erriyon Knighton",
            "Pais": "Bandera de Estados Unidos Estados Unidos",
            "Fecha": "30/01/2022",
            "Lugar": "Baton Rouge"
        },
        {
            "Disciplina": "200 metros",
            "Marca": 19.53,
            "Genero": "Masculino",
            "Nombre": "Walter Dix",
            "Pais": "Bandera de Estados Unidos Estados Unidos",
            "Fecha": "16 September 2011",
            "Lugar": "Bruselas"
        },
        {
            "Disciplina": "200 metros",
            "Marca": 19.57,
            "Genero": "Masculino",
            "Nombre": "Justin Gatlin",
            "Pais": "Bandera de Estados Unidos Estados Unidos",
            "Fecha": "28/01/2015",
            "Lugar": "Eugene"
        },
        {
            "Disciplina": "200 metros",
            "Marca": 19.57,
            "Genero": "Masculino",
            "Nombre": "Kenneth Bednarek",
            "Pais": "Bandera de Estados Unidos Estados Unidos",
            "Fecha": "05/01/2024",
            "Lugar": "Zurich"
        },
        {
            "Disciplina": "200 metros",
            "Marca": 19.58,
            "Genero": "Masculino",
            "Nombre": "Tyson Gay",
            "Pais": "Bandera de Estados Unidos Estados Unidos",
            "Fecha": "30/01/2009",
            "Lugar": "Nueva York"
        },
        {
            "Disciplina": "200 metros",
            "Marca": 19.62,
            "Genero": "Masculino",
            "Nombre": "Andre de Grasse",
            "Pais": "Bandera de Canadá Canadá",
            "Fecha": "04/01/2021",
            "Lugar": "Tokio"
        },
        {
            "Disciplina": "200 metros",
            "Marca": 19.63,
            "Genero": "Masculino",
            "Nombre": "Xavier Carter",
            "Pais": "Bandera de Estados Unidos Estados Unidos",
            "Fecha": "11/01/2006",
            "Lugar": "Lausana"
        },
        {
            "Disciplina": "200 metros",
            "Marca": 19.63,
            "Genero": "Masculino",
            "Nombre": "Reynier Mena",
            "Pais": "Cuba",
            "Fecha": "03/01/2022",
            "Lugar": "La Chaux-de-Fonds"
        },
        {
            "Disciplina": "200 metros",
            "Marca": 19.65,
            "Genero": "Masculino",
            "Nombre": "Wallace Spearmon",
            "Pais": "Bandera de Estados Unidos Estados Unidos",
            "Fecha": "28/01/2006",
            "Lugar": "Daegu"
        },
        {
            "Disciplina": "200 metros",
            "Marca": 19.68,
            "Genero": "Masculino",
            "Nombre": "Frankie Fredericks",
            "Pais": "Bandera de Namibia Namibia",
            "Fecha": "01/01/1996",
            "Lugar": "Atlanta"
        },
        {
            "Disciplina": "200 metros",
            "Marca": 19.69,
            "Genero": "Masculino",
            "Nombre": "Clarence Munyai",
            "Pais": "Bandera de Sudáfrica Sudáfrica",
            "Fecha": "16/01/2018",
            "Lugar": "Pretoria"
        },
        {
            "Disciplina": "200 metros",
            "Marca": 19.7,
            "Genero": "Masculino",
            "Nombre": "Michael Norman",
            "Pais": "Bandera de Estados Unidos Estados Unidos",
            "Fecha": "06/01/2019",
            "Lugar": "Roma"
        },
        {
            "Disciplina": "200 metros",
            "Marca": 19.71,
            "Genero": "Masculino",
            "Nombre": "Courtney Lindsey",
            "Pais": "Bandera de Estados Unidos Estados Unidos",
            "Fecha": "20/01/2024",
            "Lugar": "Nairobi"
        },
        {
            "Disciplina": "200 metros",
            "Marca": 19.72,
            "Genero": "Masculino",
            "Nombre": "Pietro Mennea",
            "Pais": "Italia",
            "Fecha": "12/01/1979",
            "Lugar": "Ciudad de México"
        },
        {
            "Disciplina": "200 metros",
            "Marca": 19.73,
            "Genero": "Masculino",
            "Nombre": "Michael Marsh",
            "Pais": "Bandera de Estados Unidos Estados Unidos",
            "Fecha": "05/01/1992",
            "Lugar": "Barcelona"
        },
        {
            "Disciplina": "200 metros",
            "Marca": 19.73,
            "Genero": "Masculino",
            "Nombre": "Divine Oduduru",
            "Pais": "Bandera de Nigeria Nigeria",
            "Fecha": "07/01/2019",
            "Lugar": "Austin"
        },
        {
            "Disciplina": "200 metros",
            "Marca": 19.73,
            "Genero": "Masculino",
            "Nombre": "Zharnel Hughes",
            "Pais": "Bandera del Reino Unido Reino Unido",
            "Fecha": "23/01/2023",
            "Lugar": "Londres"
        },
        {
            "Disciplina": "200 metros",
            "Marca": 21.34,
            "Genero": "Femenino",
            "Nombre": "Florence Griffith-Joyner",
            "Pais": "Bandera de Estados Unidos Estados Unidos",
            "Fecha": "29/01/1988",
            "Lugar": "Seúl"
        },
        {
            "Disciplina": "200 metros",
            "Marca": 21.41,
            "Genero": "Femenino",
            "Nombre": "Shericka Jackson",
            "Pais": "Bandera de Jamaica Jamaica",
            "Fecha": "25/01/2023",
            "Lugar": "Budapest"
        },
        {
            "Disciplina": "200 metros",
            "Marca": 21.53,
            "Genero": "Femenino",
            "Nombre": "Elaine Thompson-Herah",
            "Pais": "Bandera de Jamaica Jamaica",
            "Fecha": "03/01/2021",
            "Lugar": "Tokio"
        },
        {
            "Disciplina": "200 metros",
            "Marca": 21.61,
            "Genero": "Femenino",
            "Nombre": "Gabrielle Thomas",
            "Pais": "Bandera de Estados Unidos Estados Unidos",
            "Fecha": "26/01/2021",
            "Lugar": "Eugene"
        },
        {
            "Disciplina": "200 metros",
            "Marca": 21.62,
            "Genero": "Femenino",
            "Nombre": "Marion Jones",
            "Pais": "Bandera de Estados Unidos Estados Unidos",
            "Fecha": "11/01/1998",
            "Lugar": "Johannesburgo"
        },
        {
            "Disciplina": "200 metros",
            "Marca": 21.63,
            "Genero": "Femenino",
            "Nombre": "Dafne Schippers",
            "Pais": "Países Bajos",
            "Fecha": "28/01/2015",
            "Lugar": "Pekín"
        },
        {
            "Disciplina": "200 metros",
            "Marca": 21.64,
            "Genero": "Femenino",
            "Nombre": "Merlene Ottey",
            "Pais": "Bandera de Jamaica Jamaica",
            "Fecha": "13/01/1991",
            "Lugar": "Bruselas"
        },
        {
            "Disciplina": "200 metros",
            "Marca": 21.69,
            "Genero": "Femenino",
            "Nombre": "Allyson Felix",
            "Pais": "Bandera de Estados Unidos Estados Unidos",
            "Fecha": "30/01/2012",
            "Lugar": "Eugene"
        },
        {
            "Disciplina": "200 metros",
            "Marca": 21.71,
            "Genero": "Femenino",
            "Nombre": "Marita Koch",
            "Pais": "Bandera de Alemania Oriental Alemania Oriental",
            "Fecha": "10/01/1979",
            "Lugar": "Chemnitz"
        },
        {
            "Disciplina": "200 metros",
            "Marca": 21.71,
            "Genero": "Femenino",
            "Nombre": "Heike Drechsler",
            "Pais": "Bandera de Alemania Oriental Alemania Oriental",
            "Fecha": "29/01/1986",
            "Lugar": "Jena"
        },
        {
            "Disciplina": "200 metros",
            "Marca": 21.72,
            "Genero": "Femenino",
            "Nombre": "Grace Jackson",
            "Pais": "Bandera de Jamaica Jamaica",
            "Fecha": "29/01/1988",
            "Lugar": "Seúl"
        },
        {
            "Disciplina": "200 metros",
            "Marca": 21.72,
            "Genero": "Femenino",
            "Nombre": "Gwen Torrence",
            "Pais": "Bandera de Estados Unidos Estados Unidos",
            "Fecha": "15/01/1992",
            "Lugar": "Barcelona"
        },
        {
            "Disciplina": "200 metros",
            "Marca": 21.74,
            "Genero": "Femenino",
            "Nombre": "Marlies Göhr",
            "Pais": "Bandera de Alemania Oriental Alemania Oriental",
            "Fecha": "03/01/1984",
            "Lugar": "Erfurt"
        },
        {
            "Disciplina": "200 metros",
            "Marca": 21.74,
            "Genero": "Femenino",
            "Nombre": "Silke Möller",
            "Pais": "Bandera de Alemania Oriental Alemania Oriental",
            "Fecha": "03/01/1987",
            "Lugar": "Roma"
        },
        {
            "Disciplina": "200 metros",
            "Marca": 21.74,
            "Genero": "Femenino",
            "Nombre": "Veronica Campbell-Brown",
            "Pais": "Bandera de Jamaica Jamaica",
            "Fecha": "21/01/2008",
            "Lugar": "Beijing"
        },
        {
            "Disciplina": "200 metros",
            "Marca": 21.74,
            "Genero": "Femenino",
            "Nombre": "Shaunae Miller-Uibo",
            "Pais": "Bandera de Bahamas Bahamas",
            "Fecha": "29/01/2019",
            "Lugar": "Zürich"
        },
        {
            "Disciplina": "200 metros",
            "Marca": 21.75,
            "Genero": "Femenino",
            "Nombre": "Juliet Cuthbert",
            "Pais": "Bandera de Jamaica Jamaica",
            "Fecha": "05/01/1992",
            "Lugar": "Barcelona"
        },
        {
            "Disciplina": "200 metros",
            "Marca": 21.77,
            "Genero": "Femenino",
            "Nombre": "Inger Miller",
            "Pais": "Bandera de Estados Unidos Estados Unidos",
            "Fecha": "27/01/1999",
            "Lugar": "Sevilla"
        },
        {
            "Disciplina": "200 metros",
            "Marca": 21.77,
            "Genero": "Femenino",
            "Nombre": "Tori Bowie",
            "Pais": "Bandera de Estados Unidos Estados Unidos",
            "Fecha": "27/01/2017",
            "Lugar": "Eugene"
        },
        {
            "Disciplina": "200 metros",
            "Marca": 21.77,
            "Genero": "Femenino",
            "Nombre": "Abby Steiner",
            "Pais": "Bandera de Estados Unidos Estados Unidos",
            "Fecha": "26/01/2022",
            "Lugar": "Eugene"
        }
    ]
}