<?xml version="1.0" encoding="UTF-8"?>
<dataroot xmlns:od="urn:schemas-microsoft-com:officedata" xmlns:xsi="http://www.w3.org/2001/XMLSchema-instance"  xsi:noNamespaceSchemaLocation="cuencas.xsd" generated="2020-02-08T20:42:37">
<cuencas>
<Id_cuenca>1</Id_cuenca>
<cuenca>Cuenca del Norte (País Vasco)</cuenca>
<Vertiente>1</Vertiente>
</cuencas>
<cuencas>
<Id_cuenca>2</Id_cuenca>
<cuenca>Cuenca del Norte (Cantabria)</cuenca>
<Vertiente>1</Vertiente>
</cuencas>
<cuencas>
<Id_cuenca>3</Id_cuenca>
<cuenca>Cuenca del Norte (Asturias)</cuenca>
<Vertiente>1</Vertiente>
</cuencas>
<cuencas>
<Id_cuenca>4</Id_cuenca>
<cuenca>Cuenca de la Costa de Galicia</cuenca>
<Vertiente>2</Vertiente>
</cuencas>
<cuencas>
<Id_cuenca>5</Id_cuenca>
<cuenca>Cuenca del Miño</cuenca>
<Vertiente>2</Vertiente>
</cuencas>
<cuencas>
<Id_cuenca>6</Id_cuenca>
<cuenca>Cuenca del Duero</cuenca>
<Vertiente>2</Vertiente>
</cuencas>
<cuencas>
<Id_cuenca>7</Id_cuenca>
<cuenca>Cuenca del Tajo</cuenca>
<Vertiente>2</Vertiente>
</cuencas>
<cuencas>
<Id_cuenca>8</Id_cuenca>
<cuenca>Cuenca del Guadiana</cuenca>
<Vertiente>2</Vertiente>
</cuencas>
<cuencas>
<Id_cuenca>9</Id_cuenca>
<cuenca>Cuenca del Guadalquivir</cuenca>
<Vertiente>2</Vertiente>
</cuencas>
<cuencas>
<Id_cuenca>10</Id_cuenca>
<cuenca>Cuenca del Sur</cuenca>
<Vertiente>3</Vertiente>
</cuencas>
<cuencas>
<Id_cuenca>11</Id_cuenca>
<cuenca>Cuenca del Segura</cuenca>
<Vertiente>3</Vertiente>
</cuencas>
<cuencas>
<Id_cuenca>12</Id_cuenca>
<cuenca>Cuenca del Jucar</cuenca>
<Vertiente>3</Vertiente>
</cuencas>
<cuencas>
<Id_cuenca>13</Id_cuenca>
<cuenca>Cuenca del Ebro</cuenca>
<Vertiente>3</Vertiente>
</cuencas>
<cuencas>
<Id_cuenca>14</Id_cuenca>
<cuenca>Cuencas Internas de Cataluña</cuenca>
<Vertiente>3</Vertiente>
</cuencas>
</dataroot>
