<?xml version="1.0" encoding="UTF-8"?>
<dataroot xmlns:od="urn:schemas-microsoft-com:officedata" xmlns:xsi="http://www.w3.org/2001/XMLSchema-instance"  xsi:noNamespaceSchemaLocation="rios.xsd" generated="2020-02-08T11:10:17">
<rios>
<Id>1</Id>
<Río>Río Bidasoa</Río>
<Fonte>Confluencia dos regatos Berdezir e Izpegui</Fonte>
<Desembocadura>Mar Cantábrico (ría entre Hondarribia e Hendaia)</Desembocadura>
<_x0028_km_x0029_>67</_x0028_km_x0029_>
<Conca>Concas do Norte (País Vasco)</Conca>
<Vertente>Cantábrica</Vertente>
</rios>
<rios>
<Id>2</Id>
<Río>Río Nervión</Río>
<Fonte>Peña de Orduña</Fonte>
<Desembocadura>Mar Cantábrico (No Ibaizabal en Basauri)</Desembocadura>
<_x0028_km_x0029_>69</_x0028_km_x0029_>
</rios>
<rios>
<Id>3</Id>
<Río>Río Ibaizabal</Río>
<Fonte>Montes Amboto e Udalaitz</Fonte>
<Desembocadura>Mar Cantábrico (Portugalete, formando a ría de Bilbao)</Desembocadura>
<_x0028_km_x0029_>43</_x0028_km_x0029_>
</rios>
<rios>
<Id>4</Id>
<Río>Río Asón</Río>
<Fonte>Peña de Azalagua (Soba)</Fonte>
<Desembocadura>Mar Cantábrico (ría de Limpias)</Desembocadura>
<_x0028_km_x0029_>39</_x0028_km_x0029_>
<Conca>Concas do Norte (Cantabria)</Conca>
</rios>
<rios>
<Id>5</Id>
<Río>Río Miera</Río>
<Fonte>Portillo de Lunada (San Roque de Riomiera e Soba)</Fonte>
<Desembocadura>Mar Cantábrico (ría de Cubas)</Desembocadura>
<_x0028_km_x0029_>41</_x0028_km_x0029_>
</rios>
<rios>
<Id>6</Id>
<Río>Río Pas</Río>
<Fonte>Pie de Castro Valnera e Peñas Negras (Vega de Pas)</Fonte>
<Desembocadura>Mar Cantábrico (ría de Mogro)</Desembocadura>
<_x0028_km_x0029_>57</_x0028_km_x0029_>
</rios>
<rios>
<Id>7</Id>
<Río>Río Besaya</Río>
<Fonte>Cueto Ropero (Campoo de Enmedio)</Fonte>
<Desembocadura>Mar Cantábrico (ría de San Martín de la Arena)</Desembocadura>
<_x0028_km_x0029_>58</_x0028_km_x0029_>
</rios>
<rios>
<Id>8</Id>
<Río>Río Nansa</Río>
<Fonte>Serra de Peña Labra</Fonte>
<Desembocadura>Mar Cantábrico (ría de Tina Menor)</Desembocadura>
<_x0028_km_x0029_>46</_x0028_km_x0029_>
</rios>
<rios>
<Id>9</Id>
<Río>Río Deva</Río>
<Fonte>Serra de Peña Labra</Fonte>
<Desembocadura>Mar Cantábrico (ría de Tina Mayor)</Desembocadura>
<_x0028_km_x0029_>64</_x0028_km_x0029_>
</rios>
<rios>
<Id>10</Id>
<Río>Río Sella</Río>
<Fonte>Val de Sajambre</Fonte>
<Desembocadura>Mar Cantábrico (ría de Ribadesella)</Desembocadura>
<_x0028_km_x0029_>56</_x0028_km_x0029_>
<Conca>Concas do Norte (Asturias)</Conca>
</rios>
<rios>
<Id>11</Id>
<Río>Río Nalón</Río>
<Fonte>Porto de Tarna</Fonte>
<Desembocadura>Mar Cantábrico (ría de Pravia)</Desembocadura>
<_x0028_km_x0029_>129</_x0028_km_x0029_>
</rios>
<rios>
<Id>12</Id>
<Río>Río Narcea</Río>
<Fonte>Fuentes del Narcea</Fonte>
<Desembocadura>Río Nalón (Forcinas)</Desembocadura>
<_x0028_km_x0029_>97</_x0028_km_x0029_>
</rios>
<rios>
<Id>13</Id>
<Río>Río Navia</Río>
<Fonte>Serra do Rañadorio</Fonte>
<Desembocadura>Mar Cantábrico (ría de Navia)</Desembocadura>
<_x0028_km_x0029_>159</_x0028_km_x0029_>
</rios>
<rios>
<Id>14</Id>
<Río>Río Eo</Río>
<Fonte>Montes do Cádabo</Fonte>
<Desembocadura>Mar Cantábrico (ría do Eo)</Desembocadura>
<_x0028_km_x0029_>79</_x0028_km_x0029_>
</rios>
<rios>
<Id>15</Id>
<Río>Río Tambre</Río>
<Fonte>Montes de Bocelo</Fonte>
<Desembocadura>Océano Atlántico (Ponte Nafonso)</Desembocadura>
<_x0028_km_x0029_>134</_x0028_km_x0029_>
<Conca>Conca de Galicia Costa</Conca>
<Vertente>Atlántica</Vertente>
</rios>
<rios>
<Id>16</Id>
<Río>Río Ulla</Río>
<Fonte>Fonte de Ulla</Fonte>
<Desembocadura>Océano Atlántico (ría de Arousa)</Desembocadura>
<_x0028_km_x0029_>126</_x0028_km_x0029_>
</rios>
<rios>
<Id>17</Id>
<Río>Río Eume</Río>
<Fonte>Serra do Xistral (Montouto)</Fonte>
<Desembocadura>Océano Atlántico (ría de Ares)</Desembocadura>
<_x0028_km_x0029_>100</_x0028_km_x0029_>
</rios>
<rios>
<Id>18</Id>
<Río>Río Lérez</Río>
<Fonte>Monte de San Bieito (Serra do Candán)</Fonte>
<Desembocadura>Océano Atlántico (ría de Pontevedra)</Desembocadura>
<_x0028_km_x0029_>60</_x0028_km_x0029_>
</rios>
<rios>
<Id>19</Id>
<Río>Río Miño</Río>
<Fonte>Lagoa de Fonte Miña</Fonte>
<Desembocadura>Océano Atlántico (A Guarda-Caminha)</Desembocadura>
<_x0028_km_x0029_>310</_x0028_km_x0029_>
<Conca>Conca do Miño</Conca>
</rios>
<rios>
<Id>20</Id>
<Río>Río Sil</Río>
<Fonte>Coto Albo</Fonte>
<Desembocadura>Río Miño (Os Peares)</Desembocadura>
<_x0028_km_x0029_>225</_x0028_km_x0029_>
</rios>
<rios>
<Id>21</Id>
<Río>Río Douro</Río>
<Fonte>Picos de Urbión</Fonte>
<Desembocadura>Océano Atlántico (Porto, Portugal)</Desembocadura>
<_x0028_km_x0029_>895</_x0028_km_x0029_>
<Conca>Conca do Douro</Conca>
</rios>
<rios>
<Id>22</Id>
<Río>Río Águeda</Río>
<Fonte>Navasfrías</Fonte>
<Desembocadura>Río Douro (Barca de Alba)</Desembocadura>
<_x0028_km_x0029_>133</_x0028_km_x0029_>
</rios>
<rios>
<Id>23</Id>
<Río>Río Zapardiel</Río>
<Fonte>Lagoa de San Martín de las Cabezas (serra de Ávila)</Fonte>
<Desembocadura>Río Douro (preto de Tordesillas)</Desembocadura>
<_x0028_km_x0029_>103</_x0028_km_x0029_>
</rios>
<rios>
<Id>24</Id>
<Río>Río Duratón</Río>
<Fonte>Serra de Somosierra</Fonte>
<Desembocadura>Río Douro (Peñafiel)</Desembocadura>
<_x0028_km_x0029_>106</_x0028_km_x0029_>
</rios>
<rios>
<Id>25</Id>
<Río>Río Adaja</Río>
<Fonte>Entre a Serrota e S. de Ávila</Fonte>
<Desembocadura>Río Douro (Valdestillas)</Desembocadura>
<_x0028_km_x0029_>163</_x0028_km_x0029_>
</rios>
<rios>
<Id>26</Id>
<Río>Río Tormes</Río>
<Fonte>Fonte Tormella, no prado Tormejón</Fonte>
<Desembocadura>Río Douro (Villarino de los Aires)</Desembocadura>
<_x0028_km_x0029_>247</_x0028_km_x0029_>
</rios>
<rios>
<Id>27</Id>
<Río>Río Valderaduey</Río>
<Fonte>Monte de Río Camba</Fonte>
<Desembocadura>Río Douro (Villagodio)</Desembocadura>
<_x0028_km_x0029_>146</_x0028_km_x0029_>
</rios>
<rios>
<Id>28</Id>
<Río>Río Pisuerga</Río>
<Fonte>Serra Albas, Puntas Luengas e Peña Labra</Fonte>
<Desembocadura>Río Douro (preto de Simancas)</Desembocadura>
<_x0028_km_x0029_>275</_x0028_km_x0029_>
</rios>
<rios>
<Id>29</Id>
<Río>Río Carrión</Río>
<Fonte>Fontes Carrionas</Fonte>
<Desembocadura>Río Pisuerga (Dueñas)</Desembocadura>
<_x0028_km_x0029_>179</_x0028_km_x0029_>
</rios>
<rios>
<Id>30</Id>
<Río>Río Arlanzón</Río>
<Fonte>Serra da Demanda</Fonte>
<Desembocadura>Río Pisuerga</Desembocadura>
<_x0028_km_x0029_>115</_x0028_km_x0029_>
</rios>
<rios>
<Id>31</Id>
<Río>Río Arlanza</Río>
<Fonte>Serra da Demanda</Fonte>
<Desembocadura>Río Arlanzón</Desembocadura>
<_x0028_km_x0029_>160</_x0028_km_x0029_>
</rios>
<rios>
<Id>32</Id>
<Río>Río Esgueva</Río>
<Fonte>Peña Cervera (Serra da Demanda)</Fonte>
<Desembocadura>Río Pisuerga</Desembocadura>
<_x0028_km_x0029_>116</_x0028_km_x0029_>
</rios>
<rios>
<Id>33</Id>
<Río>Río Esla</Río>
<Fonte>Peña Prieta</Fonte>
<Desembocadura>Río Douro (Villalcampo)</Desembocadura>
<_x0028_km_x0029_>275</_x0028_km_x0029_>
</rios>
<rios>
<Id>34</Id>
<Río>Río Cea</Río>
<Fonte>Fonte do Pescado (Prioro)</Fonte>
<Desembocadura>Río Esla</Desembocadura>
<_x0028_km_x0029_>157</_x0028_km_x0029_>
</rios>
<rios>
<Id>35</Id>
<Río>Río Cea</Río>
<Fonte>Confluencia do río Luna e o río Omaña</Fonte>
<Desembocadura>Río Esla</Desembocadura>
<_x0028_km_x0029_>162</_x0028_km_x0029_>
</rios>
<rios>
<Id>36</Id>
<Río>Río Eria</Río>
<Fonte>Montes do Teleno</Fonte>
<Desembocadura>Río Órbigo</Desembocadura>
<_x0028_km_x0029_>110</_x0028_km_x0029_>
</rios>
<rios>
<Id>37</Id>
<Río>Río Tera</Río>
<Fonte>Serra de Vigo</Fonte>
<Desembocadura>Río Esla (Bretocino)</Desembocadura>
<_x0028_km_x0029_>139</_x0028_km_x0029_>
</rios>
<rios>
<Id>38</Id>
<Río>Río Huebra</Río>
<Fonte>Pico Cervero (serra das Quilamas)</Fonte>
<Desembocadura>Río Douro</Desembocadura>
<_x0028_km_x0029_>122</_x0028_km_x0029_>
</rios>
<rios>
<Id>39</Id>
<Río>Río Yeltes</Río>
<Fonte>Peña de Francia</Fonte>
<Desembocadura>Río Huebra</Desembocadura>
<_x0028_km_x0029_>116</_x0028_km_x0029_>
</rios>
<rios>
<Id>40</Id>
<Río>Río Texo</Río>
<Fonte>Serra de Albarracín</Fonte>
<Desembocadura>Océano Atlántico (Lisboa)</Desembocadura>
<_x0028_km_x0029_>1007</_x0028_km_x0029_>
<Conca>Conca do Texo</Conca>
</rios>
<rios>
<Id>41</Id>
<Río>Río Guadarrama</Río>
<Fonte>Siete Picos</Fonte>
<Desembocadura>Río Texo</Desembocadura>
<_x0028_km_x0029_>132</_x0028_km_x0029_>
</rios>
<rios>
<Id>42</Id>
<Río>Río Jarama</Río>
<Fonte>Serra de Ayllón</Fonte>
<Desembocadura>Río Texo (Aranjuez)</Desembocadura>
<_x0028_km_x0029_>194</_x0028_km_x0029_>
</rios>
<rios>
<Id>43</Id>
<Río>Río Tajuña</Río>
<Fonte>Proximidades de Maranchón</Fonte>
<Desembocadura>Río Jarama (preto de Titulcia)</Desembocadura>
<_x0028_km_x0029_>225</_x0028_km_x0029_>
</rios>
<rios>
<Id>44</Id>
<Río>Río Henares</Río>
<Fonte>Serra Ministra</Fonte>
<Desembocadura>Río Jarama</Desembocadura>
<_x0028_km_x0029_>160</_x0028_km_x0029_>
</rios>
<rios>
<Id>45</Id>
<Río>Río Lozoya</Río>
<Fonte>Macizo de Peñalara</Fonte>
<Desembocadura>Río Jarama</Desembocadura>
<_x0028_km_x0029_>91</_x0028_km_x0029_>
</rios>
<rios>
<Id>46</Id>
<Río>Río Manzanares</Río>
<Fonte>Ventisquero de la Condesa</Fonte>
<Desembocadura>Río Jarama</Desembocadura>
<_x0028_km_x0029_>92</_x0028_km_x0029_>
</rios>
<rios>
<Id>47</Id>
<Río>Río Alberche</Río>
<Fonte>Fonte do Alberche-Cañada Alta</Fonte>
<Desembocadura>Río Texo (Talavera de la Reina)</Desembocadura>
<_x0028_km_x0029_>182</_x0028_km_x0029_>
</rios>
<rios>
<Id>48</Id>
<Río>Río Tiétar</Río>
<Fonte>Porto da Venta del Cojo</Fonte>
<Desembocadura>Río Texo (Villarreal de San Carlos)</Desembocadura>
<_x0028_km_x0029_>170</_x0028_km_x0029_>
</rios>
<rios>
<Id>49</Id>
<Río>Río Alagón</Río>
<Fonte>Frades de la Sierra</Fonte>
<Desembocadura>Río Texo (Alcántara)</Desembocadura>
<_x0028_km_x0029_>201</_x0028_km_x0029_>
</rios>
<rios>
<Id>50</Id>
<Río>Río Salor</Río>
<Fonte>Serra de Montánchez</Fonte>
<Desembocadura>Río Texo</Desembocadura>
<_x0028_km_x0029_>120</_x0028_km_x0029_>
</rios>
<rios>
<Id>51</Id>
<Río>Río Almonte</Río>
<Fonte>Serra de Guadalupe</Fonte>
<Desembocadura>Río Texo (preto de Garrovillas)</Desembocadura>
<_x0028_km_x0029_>97</_x0028_km_x0029_>
</rios>
<rios>
<Id>52</Id>
<Río>Río Guadiela</Río>
<Fonte>Serra de Cuenca</Fonte>
<Desembocadura>Río Texo (encoro de Bolarque)</Desembocadura>
<_x0028_km_x0029_>115</_x0028_km_x0029_>
</rios>
<rios>
<Id>53</Id>
<Río>Río Guadiana</Río>
<Fonte>Altos de Cabrejas (Sistema Guadiana-Tablas de Daimiel-Cigüela)</Fonte>
<Desembocadura>Océano Atlántico (Cabeza Alta, Ayamonte, fronteira con Portugal)</Desembocadura>
<_x0028_km_x0029_>967</_x0028_km_x0029_>
<Conca>Conca do Guadiana</Conca>
</rios>
<rios>
<Id>54</Id>
<Río>Río Cigüela</Río>
<Fonte>Altos de Cabrejas</Fonte>
<Desembocadura>Río Guadiana (Tablas de Daimiel)</Desembocadura>
<_x0028_km_x0029_>225</_x0028_km_x0029_>
</rios>
<rios>
<Id>55</Id>
<Río>Río Záncara</Río>
<Fonte>Abia de la Obispalía</Fonte>
<Desembocadura>Río Cigüela (Alcázar de San Juan)</Desembocadura>
<_x0028_km_x0029_>168</_x0028_km_x0029_>
</rios>
<rios>
<Id>56</Id>
<Río>Río Jabalón</Río>
<Fonte>Montiel</Fonte>
<Desembocadura>Río Guadiana (cerca de Corral de Calatrava)</Desembocadura>
<_x0028_km_x0029_>153</_x0028_km_x0029_>
</rios>
<rios>
<Id>57</Id>
<Río>Río Guadalupe</Río>
<Fonte>Guadalupe</Fonte>
<Desembocadura>Río Guadiana (preto de Peloche)</Desembocadura>
<_x0028_km_x0029_>93</_x0028_km_x0029_>
</rios>
<rios>
<Id>58</Id>
<Río>Río Zújar</Río>
<Fonte>Cerro de la Calaveruela</Fonte>
<Desembocadura>Río Guadiana (encoro de La Serena)</Desembocadura>
<_x0028_km_x0029_>210</_x0028_km_x0029_>
</rios>
<rios>
<Id>59</Id>
<Río>Río Matachel</Río>
<Fonte>El Retamar</Fonte>
<Desembocadura>Río Guadiana (Don Álvaro)</Desembocadura>
<_x0028_km_x0029_>124</_x0028_km_x0029_>
</rios>
<rios>
<Id>60</Id>
<Río>Río Ardila</Río>
<Fonte>Serra de Tudia</Fonte>
<Desembocadura>Río Guadiana (Moura, Portugal)</Desembocadura>
<_x0028_km_x0029_>116</_x0028_km_x0029_>
</rios>
<rios>
<Id>61</Id>
<Río>Río Tinto</Río>
<Fonte>Minas de Riotinto</Fonte>
<Desembocadura>Océano Atlántico (Canle de Palos de la Frontera)</Desembocadura>
<_x0028_km_x0029_>93</_x0028_km_x0029_>
</rios>
<rios>
<Id>62</Id>
<Río>Río Odiel</Río>
<Fonte>Serra de Aracena</Fonte>
<Desembocadura>Océano Atlántico (ría de Huelva)</Desembocadura>
<_x0028_km_x0029_>121</_x0028_km_x0029_>
</rios>
<rios>
<Id>63</Id>
<Río>Río Guadalquivir</Río>
<Fonte>Serras do Pozo e Cazorla</Fonte>
<Desembocadura>Océano Atlántico (Sanlúcar de Barrameda)</Desembocadura>
<_x0028_km_x0029_>657</_x0028_km_x0029_>
<Conca>Conca do Guadalquivir</Conca>
</rios>
<rios>
<Id>64</Id>
<Río>Río Guadiana Menor</Río>
<Fonte>Confluencia do río Fardes e o río Guardal</Fonte>
<Desembocadura>Río Guadalquivir</Desembocadura>
<_x0028_km_x0029_>182</_x0028_km_x0029_>
</rios>
<rios>
<Id>65</Id>
<Río>Río Guadajoz</Río>
<Fonte>Unión de Castril e do Baza</Fonte>
<Desembocadura>Río Guadalquivir (Torreperojil)</Desembocadura>
<_x0028_km_x0029_>114</_x0028_km_x0029_>
</rios>
<rios>
<Id>66</Id>
<Río>Río Genil</Río>
<Fonte>Serras de Priego e Lucena</Fonte>
<Desembocadura>Río Guadalquivir (ao sur de Córdoba)</Desembocadura>
<_x0028_km_x0029_>337</_x0028_km_x0029_>
</rios>
<rios>
<Id>67</Id>
<Río>Río Guadaíra</Río>
<Fonte>Pico Veleta-Serra Nevada</Fonte>
<Desembocadura>Río Guadalquivir (preto de Alcalá de Guadaíra)</Desembocadura>
<_x0028_km_x0029_>89</_x0028_km_x0029_>
</rios>
<rios>
<Id>68</Id>
<Río>Río Guadalimar</Río>
<Fonte>Serra de Algodonales Cerro Almenara</Fonte>
<Desembocadura>Río Guadalquivir (Baeza)</Desembocadura>
<_x0028_km_x0029_>167</_x0028_km_x0029_>
</rios>
<rios>
<Id>69</Id>
<Río>Río Corbones</Río>
<Fonte>Serras de Blanquilla, Mollina e Borbollones</Fonte>
<Desembocadura>Río Guadalquivir (Alcolea del Río)</Desembocadura>
<_x0028_km_x0029_>177</_x0028_km_x0029_>
</rios>
<rios>
<Id>70</Id>
<Río>Jándula</Río>
<Fonte>Uníón dos ríos Montoro, Ojailén e Fresnedas, en Serra Madrona</Fonte>
<Desembocadura>Río Guadalquivir (Marmolejo)</Desembocadura>
<_x0028_km_x0029_>141</_x0028_km_x0029_>
</rios>
<rios>
<Id>71</Id>
<Río>Río Bembézar</Río>
<Fonte>Preto de Azuaga</Fonte>
<Desembocadura>Río Guadalquivir (preto de Palacio de Moratalla)</Desembocadura>
<_x0028_km_x0029_>126</_x0028_km_x0029_>
</rios>
<rios>
<Id>72</Id>
<Río>Río Viar</Río>
<Fonte>Porto Cañada (Serra de Tentudía)</Fonte>
<Desembocadura>Río Guadalquivir</Desembocadura>
<_x0028_km_x0029_>124</_x0028_km_x0029_>
</rios>
<rios>
<Id>73</Id>
<Río>Río Guadalete</Río>
<Fonte>Serra do Pinar e Serra do Endrinal</Fonte>
<Desembocadura>Océano Atlántico (baía de Cádiz, Puerto de Santa María)</Desembocadura>
<_x0028_km_x0029_>173</_x0028_km_x0029_>
</rios>
<rios>
<Id>74</Id>
<Río>Río Guadiaro</Río>
<Fonte>Serra de Tolox</Fonte>
<Desembocadura>Mar Mediterráneo (San Enrique de Guadioso)</Desembocadura>
<_x0028_km_x0029_>79</_x0028_km_x0029_>
<Conca>Concas do Sur</Conca>
<Vertente>Mediterránea</Vertente>
</rios>
<rios>
<Id>75</Id>
<Río>Río Guadalhorce</Río>
<Fonte>Porto das Alazores</Fonte>
<Desembocadura>Mar Mediterráneo (preto de Punta del Pino)</Desembocadura>
<_x0028_km_x0029_>154</_x0028_km_x0029_>
</rios>
<rios>
<Id>76</Id>
<Río>Río Guadalmedina</Río>
<Fonte>Pico da Cruz, na Serra de Camarolos</Fonte>
<Desembocadura>Mar Mediterráneo (Málaga)</Desembocadura>
<_x0028_km_x0029_>47</_x0028_km_x0029_>
</rios>
<rios>
<Id>77</Id>
<Río>Río Guadalfeo</Río>
<Fonte>Confluencia dos ríos Lanjarón, Boqueira e Trevélez</Fonte>
<Desembocadura>Mar Mediterráneo (Salobreña)</Desembocadura>
<_x0028_km_x0029_>72</_x0028_km_x0029_>
</rios>
<rios>
<Id>78</Id>
<Río>Río Adra ou Grande</Río>
<Fonte>Preto do Puerto de la Ragua</Fonte>
<Desembocadura>Mar Mediterráneo (ao leste de Adra)</Desembocadura>
<_x0028_km_x0029_>47</_x0028_km_x0029_>
</rios>
<rios>
<Id>79</Id>
<Río>Río Andarax ou Almería</Río>
<Fonte>Faldas do Chullo</Fonte>
<Desembocadura>Mar Mediterráneo (preto de Almería)</Desembocadura>
<_x0028_km_x0029_>62</_x0028_km_x0029_>
</rios>
<rios>
<Id>80</Id>
<Río>Río Almanzora</Río>
<Fonte>Llanos de Huelgo, Serra de Baza</Fonte>
<Desembocadura>Mar Mediterráneo (Cerros Colorados)</Desembocadura>
<_x0028_km_x0029_>105</_x0028_km_x0029_>
</rios>
<rios>
<Id>81</Id>
<Río>Río Segura</Río>
<Fonte>Serra de Segura</Fonte>
<Desembocadura>Mar Mediterráneo (Guardamar del Segura)</Desembocadura>
<_x0028_km_x0029_>325</_x0028_km_x0029_>
<Conca>Conca do Segura</Conca>
</rios>
<rios>
<Id>82</Id>
<Río>Río Mundo</Río>
<Fonte>Calar del Mundo</Fonte>
<Desembocadura>Río Segura</Desembocadura>
<_x0028_km_x0029_>150</_x0028_km_x0029_>
</rios>
<rios>
<Id>83</Id>
<Río>Río Guadalentín</Río>
<Fonte>Serra de María</Fonte>
<Desembocadura>Río Segura</Desembocadura>
<_x0028_km_x0029_>121</_x0028_km_x0029_>
</rios>
<rios>
<Id>84</Id>
<Río>Río Xúcar</Río>
<Fonte>Ojuelos de Valdeminguete, Serra de Tragacete</Fonte>
<Desembocadura>Mar Mediterráneo (Cullera)</Desembocadura>
<_x0028_km_x0029_>498</_x0028_km_x0029_>
<Conca>Conca do Xúcar</Conca>
</rios>
<rios>
<Id>85</Id>
<Río>Río Cabriel</Río>
<Fonte>Muela de San Juan</Fonte>
<Desembocadura>Río Xúcar (Cofrentes)</Desembocadura>
<_x0028_km_x0029_>220</_x0028_km_x0029_>
</rios>
<rios>
<Id>86</Id>
<Río>Río Magre</Río>
<Fonte>Norte de Utiel</Fonte>
<Desembocadura>Río Xúcar</Desembocadura>
<_x0028_km_x0029_>130</_x0028_km_x0029_>
</rios>
<rios>
<Id>87</Id>
<Río>Río Valdemembra</Río>
<Fonte>Solera de Gabaldón</Fonte>
<Desembocadura>Río Xúcar (Valdeganga)</Desembocadura>
<_x0028_km_x0029_>85</_x0028_km_x0029_>
</rios>
<rios>
<Id>88</Id>
<Río>Río Turia (ou Guadalaviar)</Río>
<Fonte>Muela de San Juan (Montes Universais)</Fonte>
<Desembocadura>Mar Mediterráneo (El Grao, Valencia)</Desembocadura>
<_x0028_km_x0029_>280</_x0028_km_x0029_>
</rios>
<rios>
<Id>89</Id>
<Río>Río Millars</Río>
<Fonte>Alto de Torrijas</Fonte>
<Desembocadura>Mar Mediterráneo (Torre d&apos;Almassora)</Desembocadura>
<_x0028_km_x0029_>156</_x0028_km_x0029_>
</rios>
<rios>
<Id>90</Id>
<Río>Río Ebro</Río>
<Fonte>Fontibre</Fonte>
<Desembocadura>Mar Mediterráneo (Amposta)</Desembocadura>
<_x0028_km_x0029_>910</_x0028_km_x0029_>
<Conca>Conca do Ebro</Conca>
</rios>
<rios>
<Id>91</Id>
<Río>Río Zadorra</Río>
<Fonte>Porto de Opakua</Fonte>
<Desembocadura>Río Ebro (preto de Miranda de Ebro)</Desembocadura>
<_x0028_km_x0029_>78</_x0028_km_x0029_>
</rios>
<rios>
<Id>92</Id>
<Río>Río Najerilla</Río>
<Fonte>Confluencia dos ríos Canales e Neila</Fonte>
<Desembocadura>Río Ebro (preto de Torremontalbo)</Desembocadura>
<_x0028_km_x0029_>100</_x0028_km_x0029_>
</rios>
<rios>
<Id>93</Id>
<Río>Río Ega</Río>
<Fonte>Preto de Lagrán</Fonte>
<Desembocadura>Río Ebro (preto de San Adrián)</Desembocadura>
<_x0028_km_x0029_>113</_x0028_km_x0029_>
</rios>
<rios>
<Id>94</Id>
<Río>Río Cidacos</Río>
<Fonte>Porto de Oncala</Fonte>
<Desembocadura>Río Ebro (preto de Calahorra)</Desembocadura>
<_x0028_km_x0029_>83</_x0028_km_x0029_>
</rios>
<rios>
<Id>95</Id>
<Río>Río Aragón</Río>
<Fonte>Val de Astún</Fonte>
<Desembocadura>Río Ebro (Villafranca)</Desembocadura>
<_x0028_km_x0029_>197</_x0028_km_x0029_>
</rios>
<rios>
<Id>96</Id>
<Río>Río Arga</Río>
<Fonte>collado de Urquiaga</Fonte>
<Desembocadura>Río Aragón</Desembocadura>
<_x0028_km_x0029_>145</_x0028_km_x0029_>
</rios>
<rios>
<Id>97</Id>
<Río>Río Alhama</Río>
<Fonte>Serra do Madero</Fonte>
<Desembocadura>Río Ebro (Alfaro)</Desembocadura>
<_x0028_km_x0029_>84</_x0028_km_x0029_>
</rios>
<rios>
<Id>98</Id>
<Río>Río Arba</Río>
<Fonte>Serra de Santo Domingo</Fonte>
<Desembocadura>Río Ebro (Gallur)</Desembocadura>
<_x0028_km_x0029_>96</_x0028_km_x0029_>
</rios>
<rios>
<Id>99</Id>
<Río>Río Jalón</Río>
<Fonte>Serra Ministra</Fonte>
<Desembocadura>Río Ebro (entre Cabañas de Ebro e Torres de Berrellén)</Desembocadura>
<_x0028_km_x0029_>224</_x0028_km_x0029_>
</rios>
<rios>
<Id>100</Id>
<Río>Río Jiloca</Río>
<Fonte>Serra de Albarracín</Fonte>
<Desembocadura>Río Jalón (preto de Calatayud)</Desembocadura>
<_x0028_km_x0029_>126</_x0028_km_x0029_>
</rios>
<rios>
<Id>101</Id>
<Río>Río Huerva</Río>
<Fonte>Fonfría (Teruel)</Fonte>
<Desembocadura>Río Ebro (Zaragoza)</Desembocadura>
<_x0028_km_x0029_>135</_x0028_km_x0029_>
</rios>
<rios>
<Id>102</Id>
<Río>Río Gállego</Río>
<Fonte>Próximo ao Porto de Portalet</Fonte>
<Desembocadura>Río Ebro (Zaragoza)</Desembocadura>
<_x0028_km_x0029_>203</_x0028_km_x0029_>
</rios>
<rios>
<Id>103</Id>
<Río>Río Aguasvivas</Río>
<Fonte>Fonfría/Allueva (Teruel)</Fonte>
<Desembocadura>Río Ebro (La Zaida)</Desembocadura>
<_x0028_km_x0029_>100</_x0028_km_x0029_>
</rios>
<rios>
<Id>104</Id>
<Río>Río Martín</Río>
<Fonte>Portalrubio (Teruel)</Fonte>
<Desembocadura>Río Ebro (Escatrón)</Desembocadura>
<_x0028_km_x0029_>98</_x0028_km_x0029_>
</rios>
<rios>
<Id>105</Id>
<Río>Río Guadalope</Río>
<Fonte>Serra de Gúdar</Fonte>
<Desembocadura>Río Ebro (preto de Caspe)</Desembocadura>
<_x0028_km_x0029_>182</_x0028_km_x0029_>
</rios>
<rios>
<Id>106</Id>
<Río>Río Segre</Río>
<Fonte>Monts Louis (Francia)</Fonte>
<Desembocadura>Río Ebro (Mequinenza)</Desembocadura>
<_x0028_km_x0029_>261</_x0028_km_x0029_>
</rios>
<rios>
<Id>107</Id>
<Río>Río Cinca</Río>
<Fonte>Circo de Pineta</Fonte>
<Desembocadura>Río Segre (preto de Mequinenza)</Desembocadura>
<_x0028_km_x0029_>170</_x0028_km_x0029_>
</rios>
<rios>
<Id>108</Id>
<Río>Río Ésera</Río>
<Fonte>Macizo da Maladeta</Fonte>
<Desembocadura>Río Cinca</Desembocadura>
<_x0028_km_x0029_>99</_x0028_km_x0029_>
</rios>
<rios>
<Id>109</Id>
<Río>Río Noguera Ribagorzana</Río>
<Fonte>Macizo da Maladeta</Fonte>
<Desembocadura>Río Segre (en Corbins)</Desembocadura>
<_x0028_km_x0029_>133</_x0028_km_x0029_>
</rios>
<rios>
<Id>110</Id>
<Río>Río Noguera Pallaresa</Río>
<Fonte>Val de Arán</Fonte>
<Desembocadura>Río Segre</Desembocadura>
<_x0028_km_x0029_>154</_x0028_km_x0029_>
</rios>
<rios>
<Id>111</Id>
<Río>Río Matarraña</Río>
<Fonte>Portos de Beceite</Fonte>
<Desembocadura>Río Ebro</Desembocadura>
<_x0028_km_x0029_>97</_x0028_km_x0029_>
</rios>
<rios>
<Id>112</Id>
<Río>Río Francolí</Río>
<Fonte>Ao norte de l&apos;Espluga de Francolí</Fonte>
<Desembocadura>Mar Mediterráneo (Tarragona)</Desembocadura>
<_x0028_km_x0029_>58</_x0028_km_x0029_>
<Conca>Concas internas de Cataluña</Conca>
</rios>
<rios>
<Id>113</Id>
<Río>Río Llobregat</Río>
<Fonte>Serra de Cadí, entre Coll de Jou e o de Toses</Fonte>
<Desembocadura>Mar Mediterráneo (El Prat de Llobregat)</Desembocadura>
<_x0028_km_x0029_>157</_x0028_km_x0029_>
</rios>
<rios>
<Id>114</Id>
<Río>Río Cardener</Río>
<Fonte>Fonts del Cardener</Fonte>
<Desembocadura>Río Llobregat</Desembocadura>
<_x0028_km_x0029_>87</_x0028_km_x0029_>
</rios>
<rios>
<Id>115</Id>
<Río>Río Tordera</Río>
<Fonte>Vertente occidental do Montseny</Fonte>
<Desembocadura>Mar Mediterráneo (Malgrat de Mar)</Desembocadura>
<_x0028_km_x0029_>50</_x0028_km_x0029_>
</rios>
<rios>
<Id>116</Id>
<Río>Río Ter</Río>
<Fonte>Ulldeter</Fonte>
<Desembocadura>Mar Mediterráneo (Torroella de Montgrí)</Desembocadura>
<_x0028_km_x0029_>209</_x0028_km_x0029_>
</rios>
<rios>
<Id>117</Id>
<Río>Río Fluvià</Río>
<Fonte>Grau d&apos;Olot</Fonte>
<Desembocadura>Mar Mediterráneo (golfo de Roses)</Desembocadura>
<_x0028_km_x0029_>98</_x0028_km_x0029_>
</rios>
</dataroot>
