<?xml version="1.0" encoding="UTF-8"?>
<dataroot xmlns:od="urn:schemas-microsoft-com:officedata" xmlns:xsi="http://www.w3.org/2001/XMLSchema-instance"  xsi:noNamespaceSchemaLocation="Vertientes.xsd" generated="2020-02-08T21:17:57">
<Vertientes>
<Id_vertiente>1</Id_vertiente>
<Vertiente>Cantábrica</Vertiente>
</Vertientes>
<Vertientes>
<Id_vertiente>2</Id_vertiente>
<Vertiente>Atlántica</Vertiente>
</Vertientes>
<Vertientes>
<Id_vertiente>3</Id_vertiente>
<Vertiente>Mediterranea</Vertiente>
</Vertientes>
</dataroot>
