{
  "fotos": {
    "foto": [
      {
        "imagen": "cartel",
        "activa": "Si",
        "ancho": "500px"
      },
      {
        "imagen": "periodico",
        "activa": "Si",
        "ancho": "250px"
      },
      {
        "imagen": "comic",
        "activa": "Si",
        "ancho": "400px"
      },
      {
        "imagen": "sol",
        "activa": "Si",
        "ancho": "350px"
      },
      {
        "imagen": "patata",
        "activa": "No",
        "ancho": "600px"
      },
      {
        "imagen": "algoritmo",
        "activa": "Si",
        "ancho": "300px"
      },
      {
        "imagen": "libro",
        "activa": "Si",
        "ancho": "650px"
      },
      {
        "imagen": "ordenador",
        "activa": "No"
      },
      {
        "imagen": "jirafa",
        "activa": "Si",
        "ancho": "200px"
      }
    ]
  }
}