<?xml version="1.0" encoding="UTF-8"?>
<root>
   <fotos>
      <foto>
      <imagen>cartel</imagen>
      <activa>Si</activa>
      <ancho>500px</ancho>
      </foto>
      <foto>
         <imagen>periodico</imagen>
         <activa>Si</activa>
         <ancho>250px</ancho>
      </foto>
      <foto>
         <imagen>comic</imagen>
         <activa>Si</activa>
         <ancho>400px</ancho>
      </foto>
      <foto>
         <imagen>sol</imagen>
         <activa>Si</activa>
         <ancho>350px</ancho>
      </foto>
      <foto>
         <imagen>patata</imagen>
         <activa>No</activa>
         <ancho>600px</ancho>
      </foto>
      <foto>
         <imagen>algoritmo</imagen>
         <activa>Si</activa>
         <ancho>300px</ancho>
      </foto>
      <foto>
         <imagen>libro</imagen>
         <activa>Si</activa>
         <ancho>650px</ancho>
      </foto>
      <foto>
         <imagen>ordenador</imagen>
         <activa>No</activa>
      </foto>
      <foto>
         <imagen>jirafa</imagen>
         <activa>Si</activa>
         <ancho>200px</ancho>
      </foto>
   </fotos>
</root>