<?xml version="1.0" encoding="UTF-8" ?>
 <root>
     <especies>
         <NOM_COMUN>goma arábiga</NOM_COMUN>
         <ESPECIE>nilotica</ESPECIE>
         <GENERO>Acacia</GENERO>
         <FAMILIA>Fabaceae</FAMILIA>
         <geometry>
             <type>Point</type>
             <coordinates>-16.2647339815886</coordinates>
             <coordinates>28.4644372389831</coordinates>
         </geometry>
         <GEOCODIGO>ACA_NIL_kr-1</GEOCODIGO>
         <UTM_X>376179.87</UTM_X>
         <UTM_Y>3149303.61</UTM_Y>
         <ORIGEN>África y subcontinente Indio</ORIGEN>
         <ENLACE>Proximamente disponible la ficha detallada de cada árbol singular de S/C de Tenerife. En proceso.</ENLACE>
         <GRAD_Y>28.464437239</GRAD_Y>
         <GRAD_X>-16.2647339816</GRAD_X>
     </especies>
     <especies>
         <NOM_COMUN>baobab</NOM_COMUN>
         <ESPECIE>digitata</ESPECIE>
         <GENERO>Adansonia</GENERO>
         <FAMILIA>Malvaceae</FAMILIA>
         <geometry>
             <type>Point</type>
             <coordinates>-16.2514348032782</coordinates>
             <coordinates>28.4688647824799</coordinates>
         </geometry>
         <GEOCODIGO>ADA_DIG-1</GEOCODIGO>
         <UTM_X>377487.11</UTM_X>
         <UTM_Y>3149780.54</UTM_Y>
         <ORIGEN>Sur del Sahara, Africa</ORIGEN>
         <ENLACE>Proximamente disponible la ficha detallada de cada árbol singular de S/C de Tenerife. En proceso.</ENLACE>
         <GRAD_Y>28.4688647825</GRAD_Y>
         <GRAD_X>-16.2514348033</GRAD_X>
     </especies>
     <especies>
         <NOM_COMUN>baobab za</NOM_COMUN>
         <ESPECIE>za</ESPECIE>
         <GENERO>Adansonia</GENERO>
         <FAMILIA>Malvaceae</FAMILIA>
         <geometry>
             <type>Point</type>
             <coordinates>-16.256939105152</coordinates>
             <coordinates>28.4519009658193</coordinates>
         </geometry>
         <GEOCODIGO>ADA_ZA-1</GEOCODIGO>
         <UTM_X>376928.55</UTM_X>
         <UTM_Y>3147906.62</UTM_Y>
         <ORIGEN>NW, W y S de Madagascar</ORIGEN>
         <ENLACE>Proximamente disponible la ficha detallada de cada árbol singular de S/C de Tenerife. En proceso.</ENLACE>
         <GRAD_Y>28.4519009658</GRAD_Y>
         <GRAD_X>-16.2569391052</GRAD_X>
     </especies>
     <especies>
         <NOM_COMUN>palma del azúcar</NOM_COMUN>
         <ESPECIE>pinnata</ESPECIE>
         <GENERO>Arenga</GENERO>
         <FAMILIA>Arecaceae</FAMILIA>
         <geometry>
             <type>Point</type>
             <coordinates>-16.2552521560956</coordinates>
             <coordinates>28.4515725782251</coordinates>
         </geometry>
         <GEOCODIGO>ARE_PIN-1</GEOCODIGO>
         <UTM_X>377093.36</UTM_X>
         <UTM_Y>3147868.51</UTM_Y>
         <ORIGEN>SE Asia: la India, Malasia, Indonesia y Filipinas</ORIGEN>
         <ENLACE>Proximamente disponible la ficha detallada de cada árbol singular de S/C de Tenerife. En proceso.</ENLACE>
         <GRAD_Y>28.4515725782</GRAD_Y>
         <GRAD_X>-16.2552521561</GRAD_X>
     </especies>
     <especies>
         <NOM_COMUN>corozo</NOM_COMUN>
         <ESPECIE>cohune</ESPECIE>
         <GENERO>Attalea</GENERO>
         <FAMILIA>Arecaceae</FAMILIA>
         <geometry>
             <type>Point</type>
             <coordinates>-16.2563044132261</coordinates>
             <coordinates>28.4521597227124</coordinates>
         </geometry>
         <GEOCODIGO>ATT_COH-1</GEOCODIGO>
         <UTM_X>376991</UTM_X>
         <UTM_Y>3147934.64</UTM_Y>
         <ORIGEN>Zona tropical e Intropical americana</ORIGEN>
         <ENLACE>Proximamente disponible la ficha detallada de cada árbol singular de S/C de Tenerife. En proceso.</ENLACE>
         <GRAD_Y>28.4521597227</GRAD_Y>
         <GRAD_X>-16.2563044132</GRAD_X>
     </especies>
     <especies>
         <NOM_COMUN>braquiquito, árbol botella</NOM_COMUN>
         <ESPECIE>populneus</ESPECIE>
         <GENERO>Brachychiton</GENERO>
         <FAMILIA>Malvaceae</FAMILIA>
         <geometry>
             <type>Point</type>
             <coordinates>-16.2645963766936</coordinates>
             <coordinates>28.458343431536</coordinates>
         </geometry>
         <GEOCODIGO>BRA_POP-1</GEOCODIGO>
         <UTM_X>376186.24</UTM_X>
         <UTM_Y>3148628.29</UTM_Y>
         <ORIGEN>Australia</ORIGEN>
         <ENLACE>Proximamente disponible la ficha detallada de cada árbol singular de S/C de Tenerife. En proceso.</ENLACE>
         <GRAD_Y>28.4583434315</GRAD_Y>
         <GRAD_X>-16.2645963767</GRAD_X>
     </especies>
     <especies>
         <NOM_COMUN>cascalote, chalala</NOM_COMUN>
         <ESPECIE>cacalaco</ESPECIE>
         <GENERO>Caesalpinia</GENERO>
         <FAMILIA>Fabaceae</FAMILIA>
         <geometry>
             <type>Point</type>
             <coordinates>-16.2538532528681</coordinates>
             <coordinates>28.4726120024104</coordinates>
         </geometry>
         <GEOCODIGO>CAE_CAC-1</GEOCODIGO>
         <UTM_X>377254.66</UTM_X>
         <UTM_Y>3150198.19</UTM_Y>
         <ORIGEN>México</ORIGEN>
         <ENLACE>Proximamente disponible la ficha detallada de cada árbol singular de S/C de Tenerife. En proceso.</ENLACE>
         <GRAD_Y>28.4726120024</GRAD_Y>
         <GRAD_X>-16.2538532529</GRAD_X>
     </especies>
     <especies>
         <NOM_COMUN>casuarina, pino australiano</NOM_COMUN>
         <ESPECIE>equisetifolia</ESPECIE>
         <GENERO>Casuarina</GENERO>
         <FAMILIA>Casuarinaceae</FAMILIA>
         <geometry>
             <type>Point</type>
             <coordinates>-16.2492623273978</coordinates>
             <coordinates>28.464645296722</coordinates>
         </geometry>
         <GEOCODIGO>CAS_EQU-1</GEOCODIGO>
         <UTM_X>377694.95</UTM_X>
         <UTM_Y>3149310.82</UTM_Y>
         <ORIGEN>Norte de Australia, suroeste asiático y Polinesia</ORIGEN>
         <ENLACE>Proximamente disponible la ficha detallada de cada árbol singular de S/C de Tenerife. En proceso.</ENLACE>
         <GRAD_Y>28.4646452967</GRAD_Y>
         <GRAD_X>-16.2492623274</GRAD_X>
     </especies>
     <especies>
         <NOM_COMUN>yagrumo, yarumo o guarumbo</NOM_COMUN>
         <ESPECIE>peltata</ESPECIE>
         <GENERO>Cecropia</GENERO>
         <FAMILIA>Urticaceae</FAMILIA>
         <geometry>
             <type>Point</type>
             <coordinates>-16.2528251872931</coordinates>
             <coordinates>28.4621436005077</coordinates>
         </geometry>
         <GEOCODIGO>CEC_PEL-1</GEOCODIGO>
         <UTM_X>377343.22</UTM_X>
         <UTM_Y>3149037.27</UTM_Y>
         <ORIGEN>México hasta América del Sur, incluyendo las Antillas.</ORIGEN>
         <ENLACE>Proximamente disponible la ficha detallada de cada árbol singular de S/C de Tenerife. En proceso.</ENLACE>
         <GRAD_Y>28.4621436005</GRAD_Y>
         <GRAD_X>-16.2528251873</GRAD_X>
     </especies>
     <especies>
         <NOM_COMUN>ceiba</NOM_COMUN>
         <ESPECIE>pentandra</ESPECIE>
         <GENERO>Ceiba</GENERO>
         <FAMILIA>Malvaceae</FAMILIA>
         <geometry>
             <type>Point</type>
             <coordinates>-16.2614376436179</coordinates>
             <coordinates>28.4641988908186</coordinates>
         </geometry>
         <GEOCODIGO>CEI_PEN-1</GEOCODIGO>
         <UTM_X>376502.34</UTM_X>
         <UTM_Y>3149273.81</UTM_Y>
         <ORIGEN>América Central</ORIGEN>
         <ENLACE>Proximamente disponible la ficha detallada de cada árbol singular de S/C de Tenerife. En proceso.</ENLACE>
         <GRAD_Y>28.4641988908</GRAD_Y>
         <GRAD_X>-16.2614376436</GRAD_X>
     </especies>
     <especies>
         <NOM_COMUN>ceiba</NOM_COMUN>
         <ESPECIE>pentandra</ESPECIE>
         <GENERO>Ceiba</GENERO>
         <FAMILIA>Malvaceae</FAMILIA>
         <geometry>
             <type>Point</type>
             <coordinates>-16.2538275158796</coordinates>
             <coordinates>28.4732436626772</coordinates>
         </geometry>
         <GEOCODIGO>CEI_PEN-2</GEOCODIGO>
         <UTM_X>377257.91</UTM_X>
         <UTM_Y>3150268.15</UTM_Y>
         <ORIGEN>América Central</ORIGEN>
         <ENLACE>Proximamente disponible la ficha detallada de cada árbol singular de S/C de Tenerife. En proceso.</ENLACE>
         <GRAD_Y>28.4732436627</GRAD_Y>
         <GRAD_X>-16.2538275159</GRAD_X>
     </especies>
     <especies>
         <NOM_COMUN>palo borracho</NOM_COMUN>
         <ESPECIE>speciosa</ESPECIE>
         <GENERO>Ceiba</GENERO>
         <FAMILIA>Malvaceae</FAMILIA>
         <geometry>
             <type>Point</type>
             <coordinates>-16.2542716063978</coordinates>
             <coordinates>28.4676035112096</coordinates>
         </geometry>
         <GEOCODIGO>CEI_SPE-1</GEOCODIGO>
         <UTM_X>377207.91</UTM_X>
         <UTM_Y>3149643.69</UTM_Y>
         <ORIGEN>Selvas tropicales y subtropicales de Ámerica</ORIGEN>
         <ENLACE>Proximamente disponible la ficha detallada de cada árbol singular de S/C de Tenerife. En proceso.</ENLACE>
         <GRAD_Y>28.4676035112</GRAD_Y>
         <GRAD_X>-16.2542716064</GRAD_X>
     </especies>
     <especies>
         <NOM_COMUN>palmito</NOM_COMUN>
         <ESPECIE>humilis</ESPECIE>
         <GENERO>Chamaerops</GENERO>
         <FAMILIA>Arecaceae</FAMILIA>
         <geometry>
             <type>Point</type>
             <coordinates>-16.2643928796809</coordinates>
             <coordinates>28.4583642766589</coordinates>
         </geometry>
         <GEOCODIGO>CHA_HUM-1</GEOCODIGO>
         <UTM_X>376206.19</UTM_X>
         <UTM_Y>3148630.39</UTM_Y>
         <ORIGEN>Área mediterránea</ORIGEN>
         <ENLACE>Proximamente disponible la ficha detallada de cada árbol singular de S/C de Tenerife. En proceso.</ENLACE>
         <GRAD_Y>28.4583642767</GRAD_Y>
         <GRAD_X>-16.2643928797</GRAD_X>
     </especies>
     <especies>
         <NOM_COMUN>guano</NOM_COMUN>
         <ESPECIE>borhidiana</ESPECIE>
         <GENERO>Coccothrinax</GENERO>
         <FAMILIA>Arecaceae</FAMILIA>
         <geometry>
             <type>Point</type>
             <coordinates>-16.2553582545765</coordinates>
             <coordinates>28.4524279396084</coordinates>
         </geometry>
         <GEOCODIGO>COC_BOR-1</GEOCODIGO>
         <UTM_X>377083.96</UTM_X>
         <UTM_Y>3147963.39</UTM_Y>
         <ORIGEN>Norte de la isla de Cuba</ORIGEN>
         <ENLACE>Proximamente disponible la ficha detallada de cada árbol singular de S/C de Tenerife. En proceso.</ENLACE>
         <GRAD_Y>28.4524279396</GRAD_Y>
         <GRAD_X>-16.2553582546</GRAD_X>
     </especies>
     <especies>
         <NOM_COMUN>palma azul</NOM_COMUN>
         <ESPECIE>macroglossa</ESPECIE>
         <GENERO>Coccothrinax</GENERO>
         <FAMILIA>Arecaceae</FAMILIA>
         <geometry>
             <type>Point</type>
             <coordinates>-16.2574992825112</coordinates>
             <coordinates>28.4521545506433</coordinates>
         </geometry>
         <GEOCODIGO>COC_MAC-1</GEOCODIGO>
         <UTM_X>376873.99</UTM_X>
         <UTM_Y>3147935.29</UTM_Y>
         <ORIGEN>Cuba</ORIGEN>
         <ENLACE>Proximamente disponible la ficha detallada de cada árbol singular de S/C de Tenerife. En proceso.</ENLACE>
         <GRAD_Y>28.4521545506</GRAD_Y>
         <GRAD_X>-16.2574992825</GRAD_X>
     </especies>
     <especies>
         <NOM_COMUN>manzana Kei, umkokola</NOM_COMUN>
         <ESPECIE>caffra</ESPECIE>
         <GENERO>Dovyalis</GENERO>
         <FAMILIA>Salicaceae</FAMILIA>
         <geometry>
             <type>Point</type>
             <coordinates>-16.2619266642133</coordinates>
             <coordinates>28.4643024799036</coordinates>
         </geometry>
         <GEOCODIGO>DOV_CAF-1</GEOCODIGO>
         <UTM_X>376454.58</UTM_X>
         <UTM_Y>3149285.79</UTM_Y>
         <ORIGEN>Sudáfrica, Zimbabwe y Mozambique</ORIGEN>
         <ENLACE>Proximamente disponible la ficha detallada de cada árbol singular de S/C de Tenerife. En proceso.</ENLACE>
         <GRAD_Y>28.4643024799</GRAD_Y>
         <GRAD_X>-16.2619266642</GRAD_X>
     </especies>
     <especies>
         <NOM_COMUN>drago, drago de Canarias</NOM_COMUN>
         <ESPECIE>draco</ESPECIE>
         <GENERO>Dracaena</GENERO>
         <FAMILIA>Asparagaceae</FAMILIA>
         <geometry>
             <type>Point</type>
             <coordinates>-16.2507925551082</coordinates>
             <coordinates>28.4676157855792</coordinates>
         </geometry>
         <GEOCODIGO>DRA_DRA_dr-4</GEOCODIGO>
         <UTM_X>377548.55</UTM_X>
         <UTM_Y>3149641.5</UTM_Y>
         <ORIGEN>Islas Canarias, Madeira y Cabo Verde</ORIGEN>
         <ENLACE>Proximamente disponible la ficha detallada de cada árbol singular de S/C de Tenerife. En proceso.</ENLACE>
         <GRAD_Y>28.4676157856</GRAD_Y>
         <GRAD_X>-16.2507925551</GRAD_X>
     </especies>
     <especies>
         <NOM_COMUN>drago, drago de Canarias</NOM_COMUN>
         <ESPECIE>draco</ESPECIE>
         <GENERO>Dracaena</GENERO>
         <FAMILIA>Asparagaceae</FAMILIA>
         <geometry>
             <type>Point</type>
             <coordinates>-16.2487264514418</coordinates>
             <coordinates>28.464794896434</coordinates>
         </geometry>
         <GEOCODIGO>DRA_DRA_dr-5</GEOCODIGO>
         <UTM_X>377747.59</UTM_X>
         <UTM_Y>3149326.85</UTM_Y>
         <ORIGEN>Islas Canarias, Madeira y Cabo Verde</ORIGEN>
         <ENLACE>Proximamente disponible la ficha detallada de cada árbol singular de S/C de Tenerife. En proceso.</ENLACE>
         <GRAD_Y>28.4647948964</GRAD_Y>
         <GRAD_X>-16.2487264514</GRAD_X>
     </especies>
     <especies>
         <NOM_COMUN>drago, drago de Canarias</NOM_COMUN>
         <ESPECIE>draco</ESPECIE>
         <GENERO>Dracaena</GENERO>
         <FAMILIA>Asparagaceae</FAMILIA>
         <geometry>
             <type>Point</type>
             <coordinates>-16.2553657389596</coordinates>
             <coordinates>28.4704150546182</coordinates>
         </geometry>
         <GEOCODIGO>DRA_DRA_dr-7</GEOCODIGO>
         <UTM_X>377104.04</UTM_X>
         <UTM_Y>3149956.32</UTM_Y>
         <ORIGEN>Islas Canarias, Madeira y Cabo Verde</ORIGEN>
         <ENLACE>Proximamente disponible la ficha detallada de cada árbol singular de S/C de Tenerife. En proceso.</ENLACE>
         <GRAD_Y>28.4704150546</GRAD_Y>
         <GRAD_X>-16.255365739</GRAD_X>
     </especies>
     <especies>
         <NOM_COMUN>eucalipto rojo</NOM_COMUN>
         <ESPECIE>camaldulensis</ESPECIE>
         <GENERO>Eucalyptus</GENERO>
         <FAMILIA>Myrtaceae</FAMILIA>
         <geometry>
             <type>Point</type>
             <coordinates>-16.2651195591922</coordinates>
             <coordinates>28.4644991780729</coordinates>
         </geometry>
         <GEOCODIGO>EUC_CAM-1</GEOCODIGO>
         <UTM_X>376142.19</UTM_X>
         <UTM_Y>3149310.87</UTM_Y>
         <ORIGEN>Australia</ORIGEN>
         <ENLACE>Proximamente disponible la ficha detallada de cada árbol singular de S/C de Tenerife. En proceso.</ENLACE>
         <GRAD_Y>28.4644991781</GRAD_Y>
         <GRAD_X>-16.2651195592</GRAD_X>
     </especies>
     <especies>
         <NOM_COMUN>tabaiba dulce</NOM_COMUN>
         <ESPECIE>balsamifera</ESPECIE>
         <GENERO>Euphorbia</GENERO>
         <FAMILIA>Euphorbiaceae</FAMILIA>
         <geometry>
             <type>Point</type>
             <coordinates>-16.3265786564472</coordinates>
             <coordinates>28.4500888905676</coordinates>
         </geometry>
         <GEOCODIGO>EUP_BAL_ba-1</GEOCODIGO>
         <UTM_X>370107.022258</UTM_X>
         <UTM_Y>3147779.10393</UTM_Y>
         <ORIGEN>Islas Canarias</ORIGEN>
         <ENLACE>Proximamente disponible la ficha detallada de cada árbol singular de S/C de Tenerife. En proceso.</ENLACE>
         <GRAD_Y>28.4500888906</GRAD_Y>
         <GRAD_X>-16.3265786564</GRAD_X>
     </especies>
     <especies>
         <NOM_COMUN>cardón</NOM_COMUN>
         <ESPECIE>canariensis</ESPECIE>
         <GENERO>Euphorbia</GENERO>
         <FAMILIA>Euphorbiaceae</FAMILIA>
         <geometry>
             <type>Point</type>
             <coordinates>-16.3264444032554</coordinates>
             <coordinates>28.4230529845653</coordinates>
         </geometry>
         <GEOCODIGO>EUP_CAN-1</GEOCODIGO>
         <UTM_X>370087.14</UTM_X>
         <UTM_Y>3144783.42</UTM_Y>
         <ORIGEN>Islas Canarias</ORIGEN>
         <ENLACE>Proximamente disponible la ficha detallada de cada árbol singular de S/C de Tenerife. En proceso.</ENLACE>
         <GRAD_Y>28.4230529846</GRAD_Y>
         <GRAD_X>-16.3264444033</GRAD_X>
     </especies>
     <especies>
         <NOM_COMUN>planta cresta, huesos de dragón</NOM_COMUN>
         <ESPECIE>lactea</ESPECIE>
         <GENERO>Euphorbia</GENERO>
         <FAMILIA>Euphorbiaceae</FAMILIA>
         <geometry>
             <type>Point</type>
             <coordinates>-16.2488052225136</coordinates>
             <coordinates>28.4647623131887</coordinates>
         </geometry>
         <GEOCODIGO>EUP_LAC-1</GEOCODIGO>
         <UTM_X>377739.84</UTM_X>
         <UTM_Y>3149323.32</UTM_Y>
         <ORIGEN>India y Sri Lanka</ORIGEN>
         <ENLACE>Proximamente disponible la ficha detallada de cada árbol singular de S/C de Tenerife. En proceso.</ENLACE>
         <GRAD_Y>28.4647623132</GRAD_Y>
         <GRAD_X>-16.2488052225</GRAD_X>
     </especies>
     <especies>
         <NOM_COMUN>baniano</NOM_COMUN>
         <ESPECIE>beghalensis</ESPECIE>
         <GENERO>Ficus</GENERO>
         <FAMILIA>Moraceae</FAMILIA>
         <geometry>
             <type>Point</type>
             <coordinates>-16.2550283105865</coordinates>
             <coordinates>28.4726567600147</coordinates>
         </geometry>
         <GEOCODIGO>FIC_BEG-1</GEOCODIGO>
         <UTM_X>377139.67</UTM_X>
         <UTM_Y>3150204.35</UTM_Y>
         <ORIGEN>India, Pakistán y Bangladesh</ORIGEN>
         <ENLACE>Proximamente disponible la ficha detallada de cada árbol singular de S/C de Tenerife. En proceso.</ENLACE>
         <GRAD_Y>28.47265676</GRAD_Y>
         <GRAD_X>-16.2550283106</GRAD_X>
     </especies>
     <especies>
         <NOM_COMUN>higuera de hoja estrecha</NOM_COMUN>
         <ESPECIE>maclellandii</ESPECIE>
         <GENERO>Ficus</GENERO>
         <FAMILIA>Moraceae</FAMILIA>
         <geometry>
             <type>Point</type>
             <coordinates>-16.26769204919</coordinates>
             <coordinates>28.4692007799256</coordinates>
         </geometry>
         <GEOCODIGO>FIC_MAC-1</GEOCODIGO>
         <UTM_X>375895.81</UTM_X>
         <UTM_Y>3149834.45</UTM_Y>
         <ORIGEN>China, India, Malasia, Tailandia, Vietnam</ORIGEN>
         <ENLACE>Proximamente disponible la ficha detallada de cada árbol singular de S/C de Tenerife. En proceso.</ENLACE>
         <GRAD_Y>28.4692007799</GRAD_Y>
         <GRAD_X>-16.2676920492</GRAD_X>
     </especies>
     <especies>
         <NOM_COMUN>higuera de Bahía Moretón</NOM_COMUN>
         <ESPECIE>macrophylla</ESPECIE>
         <GENERO>Ficus</GENERO>
         <FAMILIA>Moraceae</FAMILIA>
         <geometry>
             <type>Point</type>
             <coordinates>-16.2489604128088</coordinates>
             <coordinates>28.4683533993588</coordinates>
         </geometry>
         <GEOCODIGO>FIC_MACR-1</GEOCODIGO>
         <UTM_X>377728.78</UTM_X>
         <UTM_Y>3149721.36</UTM_Y>
         <ORIGEN>Este de Australia</ORIGEN>
         <ENLACE>Proximamente disponible la ficha detallada de cada árbol singular de S/C de Tenerife. En proceso.</ENLACE>
         <GRAD_Y>28.4683533994</GRAD_Y>
         <GRAD_X>-16.2489604128</GRAD_X>
     </especies>
     <especies>
         <NOM_COMUN>higuera de Bahía Moretón</NOM_COMUN>
         <ESPECIE>macrophylla</ESPECIE>
         <GENERO>Ficus</GENERO>
         <FAMILIA>Moraceae</FAMILIA>
         <geometry>
             <type>Point</type>
             <coordinates>-16.249005627592</coordinates>
             <coordinates>28.468185651348</coordinates>
         </geometry>
         <GEOCODIGO>FIC_MACR-2</GEOCODIGO>
         <UTM_X>377724.16</UTM_X>
         <UTM_Y>3149702.82</UTM_Y>
         <ORIGEN>Este de Australia</ORIGEN>
         <ENLACE>Proximamente disponible la ficha detallada de cada árbol singular de S/C de Tenerife. En proceso.</ENLACE>
         <GRAD_Y>28.4681856513</GRAD_Y>
         <GRAD_X>-16.2490056276</GRAD_X>
     </especies>
     <especies>
         <NOM_COMUN>higuera de Bahía Moretón</NOM_COMUN>
         <ESPECIE>macrophylla</ESPECIE>
         <GENERO>Ficus</GENERO>
         <FAMILIA>Moraceae</FAMILIA>
         <geometry>
             <type>Point</type>
             <coordinates>-16.2490321405939</coordinates>
             <coordinates>28.4680083275354</coordinates>
         </geometry>
         <GEOCODIGO>FIC_MACR-3</GEOCODIGO>
         <UTM_X>377721.36</UTM_X>
         <UTM_Y>3149683.2</UTM_Y>
         <ORIGEN>Este de Australia</ORIGEN>
         <ENLACE>Proximamente disponible la ficha detallada de cada árbol singular de S/C de Tenerife. En proceso.</ENLACE>
         <GRAD_Y>28.4680083275</GRAD_Y>
         <GRAD_X>-16.2490321406</GRAD_X>
     </especies>
     <especies>
         <NOM_COMUN>higuera de Bahía Moretón</NOM_COMUN>
         <ESPECIE>macrophylla</ESPECIE>
         <GENERO>Ficus</GENERO>
         <FAMILIA>Moraceae</FAMILIA>
         <geometry>
             <type>Point</type>
             <coordinates>-16.2490621096607</coordinates>
             <coordinates>28.4678382826305</coordinates>
         </geometry>
         <GEOCODIGO>FIC_MACR-4</GEOCODIGO>
         <UTM_X>377718.23</UTM_X>
         <UTM_Y>3149664.39</UTM_Y>
         <ORIGEN>Este de Australia</ORIGEN>
         <ENLACE>Proximamente disponible la ficha detallada de cada árbol singular de S/C de Tenerife. En proceso.</ENLACE>
         <GRAD_Y>28.4678382826</GRAD_Y>
         <GRAD_X>-16.2490621097</GRAD_X>
     </especies>
     <especies>
         <NOM_COMUN>higuera de Bahía Moretón</NOM_COMUN>
         <ESPECIE>macrophylla</ESPECIE>
         <GENERO>Ficus</GENERO>
         <FAMILIA>Moraceae</FAMILIA>
         <geometry>
             <type>Point</type>
             <coordinates>-16.2542050695495</coordinates>
             <coordinates>28.4719668655877</coordinates>
         </geometry>
         <GEOCODIGO>FIC_MACR-5</GEOCODIGO>
         <UTM_X>377219.47</UTM_X>
         <UTM_Y>3150127.07</UTM_Y>
         <ORIGEN>Este de Australia</ORIGEN>
         <ENLACE>Proximamente disponible la ficha detallada de cada árbol singular de S/C de Tenerife. En proceso.</ENLACE>
         <GRAD_Y>28.4719668656</GRAD_Y>
         <GRAD_X>-16.2542050695</GRAD_X>
     </especies>
     <especies>
         <NOM_COMUN>higuera de Bahía Moretón</NOM_COMUN>
         <ESPECIE>macrophylla</ESPECIE>
         <GENERO>Ficus</GENERO>
         <FAMILIA>Moraceae</FAMILIA>
         <geometry>
             <type>Point</type>
             <coordinates>-16.2547159501798</coordinates>
             <coordinates>28.4728460186386</coordinates>
         </geometry>
         <GEOCODIGO>FIC_MACR-6</GEOCODIGO>
         <UTM_X>377170.47</UTM_X>
         <UTM_Y>3150225</UTM_Y>
         <ORIGEN>Este de Australia</ORIGEN>
         <ENLACE>Proximamente disponible la ficha detallada de cada árbol singular de S/C de Tenerife. En proceso.</ENLACE>
         <GRAD_Y>28.4728460186</GRAD_Y>
         <GRAD_X>-16.2547159502</GRAD_X>
     </especies>
     <especies>
         <NOM_COMUN>higuera de Bahía Moretón</NOM_COMUN>
         <ESPECIE>macrophylla</ESPECIE>
         <GENERO>Ficus</GENERO>
         <FAMILIA>Moraceae</FAMILIA>
         <geometry>
             <type>Point</type>
             <coordinates>-16.2524983501427</coordinates>
             <coordinates>28.4633116221052</coordinates>
         </geometry>
         <GEOCODIGO>FIC_MACR-7</GEOCODIGO>
         <UTM_X>377376.57</UTM_X>
         <UTM_Y>3149166.35</UTM_Y>
         <ORIGEN>Este de Australia</ORIGEN>
         <ENLACE>Proximamente disponible la ficha detallada de cada árbol singular de S/C de Tenerife. En proceso.</ENLACE>
         <GRAD_Y>28.4633116221</GRAD_Y>
         <GRAD_X>-16.2524983501</GRAD_X>
     </especies>
     <especies>
         <NOM_COMUN>laurel de Indias</NOM_COMUN>
         <ESPECIE>microcarpa</ESPECIE>
         <GENERO>Ficus</GENERO>
         <FAMILIA>Moraceae</FAMILIA>
         <geometry>
             <type>Point</type>
             <coordinates>-16.2504292425612</coordinates>
             <coordinates>28.4682567778136</coordinates>
         </geometry>
         <GEOCODIGO>FIC_MIC-1</GEOCODIGO>
         <UTM_X>377584.86</UTM_X>
         <UTM_Y>3149712.15</UTM_Y>
         <ORIGEN>S-SE Asiático</ORIGEN>
         <ENLACE>Proximamente disponible la ficha detallada de cada árbol singular de S/C de Tenerife. En proceso.</ENLACE>
         <GRAD_Y>28.4682567778</GRAD_Y>
         <GRAD_X>-16.2504292426</GRAD_X>
     </especies>
     <especies>
         <NOM_COMUN>laurel de Indias</NOM_COMUN>
         <ESPECIE>microcarpa</ESPECIE>
         <GENERO>Ficus</GENERO>
         <FAMILIA>Moraceae</FAMILIA>
         <geometry>
             <type>Point</type>
             <coordinates>-16.2503314517411</coordinates>
             <coordinates>28.4681406037467</coordinates>
         </geometry>
         <GEOCODIGO>FIC_MIC-2</GEOCODIGO>
         <UTM_X>377594.300494</UTM_X>
         <UTM_Y>3149699.17862</UTM_Y>
         <ORIGEN>S-SE Asiático</ORIGEN>
         <ENLACE>Proximamente disponible la ficha detallada de cada árbol singular de S/C de Tenerife. En proceso.</ENLACE>
         <GRAD_Y>28.4681406037</GRAD_Y>
         <GRAD_X>-16.2503314517</GRAD_X>
     </especies>
     <especies>
         <NOM_COMUN>laurel de Indias</NOM_COMUN>
         <ESPECIE>microcarpa</ESPECIE>
         <GENERO>Ficus</GENERO>
         <FAMILIA>Moraceae</FAMILIA>
         <geometry>
             <type>Point</type>
             <coordinates>-16.2482500337262</coordinates>
             <coordinates>28.4649894369547</coordinates>
         </geometry>
         <GEOCODIGO>FIC_MIC-3</GEOCODIGO>
         <UTM_X>377794.46</UTM_X>
         <UTM_Y>3149347.92</UTM_Y>
         <ORIGEN>S-SE Asiático</ORIGEN>
         <ENLACE>Proximamente disponible la ficha detallada de cada árbol singular de S/C de Tenerife. En proceso.</ENLACE>
         <GRAD_Y>28.464989437</GRAD_Y>
         <GRAD_X>-16.2482500337</GRAD_X>
     </especies>
     <especies>
         <NOM_COMUN>laurel de Indias</NOM_COMUN>
         <ESPECIE>microcarpa</ESPECIE>
         <GENERO>Ficus</GENERO>
         <FAMILIA>Moraceae</FAMILIA>
         <geometry>
             <type>Point</type>
             <coordinates>-16.2483641148574</coordinates>
             <coordinates>28.4649717830047</coordinates>
         </geometry>
         <GEOCODIGO>FIC_MIC-4</GEOCODIGO>
         <UTM_X>377783.27</UTM_X>
         <UTM_Y>3149346.08</UTM_Y>
         <ORIGEN>S-SE Asiático</ORIGEN>
         <ENLACE>Proximamente disponible la ficha detallada de cada árbol singular de S/C de Tenerife. En proceso.</ENLACE>
         <GRAD_Y>28.464971783</GRAD_Y>
         <GRAD_X>-16.2483641149</GRAD_X>
     </especies>
     <especies>
         <NOM_COMUN>laurel de Indias</NOM_COMUN>
         <ESPECIE>microcarpa</ESPECIE>
         <GENERO>Ficus</GENERO>
         <FAMILIA>Moraceae</FAMILIA>
         <geometry>
             <type>Point</type>
             <coordinates>-16.2635614872207</coordinates>
             <coordinates>28.472609510264</coordinates>
         </geometry>
         <GEOCODIGO>FIC_MIC-5</GEOCODIGO>
         <UTM_X>376304.19</UTM_X>
         <UTM_Y>3150207.87</UTM_Y>
         <ORIGEN>S-SE Asiático</ORIGEN>
         <ENLACE>Proximamente disponible la ficha detallada de cada árbol singular de S/C de Tenerife. En proceso.</ENLACE>
         <GRAD_Y>28.4726095103</GRAD_Y>
         <GRAD_X>-16.2635614872</GRAD_X>
     </especies>
     <especies>
         <NOM_COMUN>higuera, higuera sagrada</NOM_COMUN>
         <ESPECIE>religiosa</ESPECIE>
         <GENERO>Ficus</GENERO>
         <FAMILIA>Moraceae</FAMILIA>
         <geometry>
             <type>Point</type>
             <coordinates>-16.2539489666127</coordinates>
             <coordinates>28.4627512212028</coordinates>
         </geometry>
         <GEOCODIGO>FIC_REL-1</GEOCODIGO>
         <UTM_X>377233.89</UTM_X>
         <UTM_Y>3149105.74</UTM_Y>
         <ORIGEN>India, Nepal, Pakistán</ORIGEN>
         <ENLACE>Proximamente disponible la ficha detallada de cada árbol singular de S/C de Tenerife. En proceso.</ENLACE>
         <GRAD_Y>28.4627512212</GRAD_Y>
         <GRAD_X>-16.2539489666</GRAD_X>
     </especies>
     <especies>
         <NOM_COMUN>sicomoro</NOM_COMUN>
         <ESPECIE>sycomorus</ESPECIE>
         <GENERO>Ficus</GENERO>
         <FAMILIA>Moraceae</FAMILIA>
         <geometry>
             <type>Point</type>
             <coordinates>-16.2569235028889</coordinates>
             <coordinates>28.4520410053067</coordinates>
         </geometry>
         <GEOCODIGO>FIC_SYC-1</GEOCODIGO>
         <UTM_X>376930.24</UTM_X>
         <UTM_Y>3147922.12</UTM_Y>
         <ORIGEN>Península Arábiga y África tropical</ORIGEN>
         <ENLACE>Proximamente disponible la ficha detallada de cada árbol singular de S/C de Tenerife. En proceso.</ENLACE>
         <GRAD_Y>28.4520410053</GRAD_Y>
         <GRAD_X>-16.2569235029</GRAD_X>
     </especies>
     <especies>
         <NOM_COMUN>higuerón</NOM_COMUN>
         <ESPECIE>velvet</ESPECIE>
         <GENERO>Ficus</GENERO>
         <FAMILIA>Moraceae</FAMILIA>
         <geometry>
             <type>Point</type>
             <coordinates>-16.253910541351</coordinates>
             <coordinates>28.4747471745667</coordinates>
         </geometry>
         <GEOCODIGO>FIC_VEL-1</GEOCODIGO>
         <UTM_X>377251.52</UTM_X>
         <UTM_Y>3150434.82</UTM_Y>
         <ORIGEN>Mutación</ORIGEN>
         <ENLACE>Proximamente disponible la ficha detallada de cada árbol singular de S/C de Tenerife. En proceso.</ENLACE>
         <GRAD_Y>28.4747471746</GRAD_Y>
         <GRAD_X>-16.2539105414</GRAD_X>
     </especies>
     <especies>
         <NOM_COMUN>ciruelo de los Cafres</NOM_COMUN>
         <ESPECIE>caffrum</ESPECIE>
         <GENERO>Harpephyllum</GENERO>
         <FAMILIA>Anacardiaceae</FAMILIA>
         <geometry>
             <type>Point</type>
             <coordinates>-16.2496298362278</coordinates>
             <coordinates>28.4653857124723</coordinates>
         </geometry>
         <GEOCODIGO>HAR_CAF-1</GEOCODIGO>
         <UTM_X>377659.82</UTM_X>
         <UTM_Y>3149393.23</UTM_Y>
         <ORIGEN>Este del Cabo hasta Mozambique y Zimbabwe</ORIGEN>
         <ENLACE>Proximamente disponible la ficha detallada de cada árbol singular de S/C de Tenerife. En proceso.</ENLACE>
         <GRAD_Y>28.4653857125</GRAD_Y>
         <GRAD_X>-16.2496298362</GRAD_X>
     </especies>
     <especies>
         <NOM_COMUN>harpulia, árbol de los tulipanes de la india</NOM_COMUN>
         <ESPECIE>cupanioides</ESPECIE>
         <GENERO>Harpullia</GENERO>
         <FAMILIA>Sapindaceae</FAMILIA>
         <geometry>
             <type>Point</type>
             <coordinates>-16.2539517184402</coordinates>
             <coordinates>28.4726553193797</coordinates>
         </geometry>
         <GEOCODIGO>HAR_CUP-1</GEOCODIGO>
         <UTM_X>377245.07</UTM_X>
         <UTM_Y>3150203.09</UTM_Y>
         <ORIGEN>Zona tropical Africana, India, Bangladesh, China y Australia</ORIGEN>
         <ENLACE>Proximamente disponible la ficha detallada de cada árbol singular de S/C de Tenerife. En proceso.</ENLACE>
         <GRAD_Y>28.4726553194</GRAD_Y>
         <GRAD_X>-16.2539517184</GRAD_X>
     </especies>
     <especies>
         <NOM_COMUN>jablillo, jabilla</NOM_COMUN>
         <ESPECIE>crepitans</ESPECIE>
         <GENERO>Hura</GENERO>
         <FAMILIA>Euphorbiaceae</FAMILIA>
         <geometry>
             <type>Point</type>
             <coordinates>-16.2537048492603</coordinates>
             <coordinates>28.4734950703337</coordinates>
         </geometry>
         <GEOCODIGO>HUR_CRE-1</GEOCODIGO>
         <UTM_X>377270.21</UTM_X>
         <UTM_Y>3150295.88</UTM_Y>
         <ORIGEN>Las Antillas y América Tropical</ORIGEN>
         <ENLACE>Proximamente disponible la ficha detallada de cada árbol singular de S/C de Tenerife. En proceso.</ENLACE>
         <GRAD_Y>28.4734950703</GRAD_Y>
         <GRAD_X>-16.2537048493</GRAD_X>
     </especies>
     <especies>
         <NOM_COMUN>jacarandá, palisandro</NOM_COMUN>
         <ESPECIE>mimosifolia</ESPECIE>
         <GENERO>Jacaranda</GENERO>
         <FAMILIA>Bignoniaceae</FAMILIA>
         <geometry>
             <type>Point</type>
             <coordinates>-16.2581966323545</coordinates>
             <coordinates>28.4709142666762</coordinates>
         </geometry>
         <GEOCODIGO>JAC_MIM-1</GEOCODIGO>
         <UTM_X>376827.46</UTM_X>
         <UTM_Y>3150014.53</UTM_Y>
         <ORIGEN>Argentina y Bolivia</ORIGEN>
         <ENLACE>Proximamente disponible la ficha detallada de cada árbol singular de S/C de Tenerife. En proceso.</ENLACE>
         <GRAD_Y>28.4709142667</GRAD_Y>
         <GRAD_X>-16.2581966324</GRAD_X>
     </especies>
     <especies>
         <NOM_COMUN>árbol de las salchichas</NOM_COMUN>
         <ESPECIE>africana</ESPECIE>
         <GENERO>Kigelia</GENERO>
         <FAMILIA>Bignoniaceae</FAMILIA>
         <geometry>
             <type>Point</type>
             <coordinates>-16.2564681465143</coordinates>
             <coordinates>28.4659358140253</coordinates>
         </geometry>
         <GEOCODIGO>KIG_AFR-1</GEOCODIGO>
         <UTM_X>376990.92</UTM_X>
         <UTM_Y>3149461.16</UTM_Y>
         <ORIGEN>África tropical y subtropical</ORIGEN>
         <ENLACE>Proximamente disponible la ficha detallada de cada árbol singular de S/C de Tenerife. En proceso.</ENLACE>
         <GRAD_Y>28.465935814</GRAD_Y>
         <GRAD_X>-16.2564681465</GRAD_X>
     </especies>
     <especies>
         <NOM_COMUN>lagunaria, árbol pica-pica, hibisco de Norfolk</NOM_COMUN>
         <ESPECIE>patersonia</ESPECIE>
         <GENERO>Lagunaria</GENERO>
         <FAMILIA>Malvaceae</FAMILIA>
         <geometry>
             <type>Point</type>
             <coordinates>-16.2549960326623</coordinates>
             <coordinates>28.4718184099083</coordinates>
         </geometry>
         <GEOCODIGO>LAG_PAT-1</GEOCODIGO>
         <UTM_X>377141.86</UTM_X>
         <UTM_Y>3150111.43</UTM_Y>
         <ORIGEN>Australia</ORIGEN>
         <ENLACE>Proximamente disponible la ficha detallada de cada árbol singular de S/C de Tenerife. En proceso.</ENLACE>
         <GRAD_Y>28.4718184099</GRAD_Y>
         <GRAD_X>-16.2549960327</GRAD_X>
     </especies>
     <especies>
         <NOM_COMUN>parkia</NOM_COMUN>
         <ESPECIE>javanica</ESPECIE>
         <GENERO>Parkia</GENERO>
         <FAMILIA>Fabaceae</FAMILIA>
         <geometry>
             <type>Point</type>
             <coordinates>-16.2726170093758</coordinates>
             <coordinates>28.4661033671477</coordinates>
         </geometry>
         <GEOCODIGO>PAR_JAV-1</GEOCODIGO>
         <UTM_X>375409.99</UTM_X>
         <UTM_Y>3149496.36</UTM_Y>
         <ORIGEN>NE de la India hasta Java</ORIGEN>
         <ENLACE>Proximamente disponible la ficha detallada de cada árbol singular de S/C de Tenerife. En proceso.</ENLACE>
         <GRAD_Y>28.4661033671</GRAD_Y>
         <GRAD_X>-16.2726170094</GRAD_X>
     </especies>
     <especies>
         <NOM_COMUN>palmera canaria</NOM_COMUN>
         <ESPECIE>canariensis</ESPECIE>
         <GENERO>Phoenix</GENERO>
         <FAMILIA>Arecaceae</FAMILIA>
         <geometry>
             <type>Point</type>
             <coordinates>-16.2524581228806</coordinates>
             <coordinates>28.4720686177888</coordinates>
         </geometry>
         <GEOCODIGO>PHO_CAN-1</GEOCODIGO>
         <UTM_X>377390.62</UTM_X>
         <UTM_Y>3150136.56</UTM_Y>
         <ORIGEN>Islas Canarias</ORIGEN>
         <ENLACE>Proximamente disponible la ficha detallada de cada árbol singular de S/C de Tenerife. En proceso.</ENLACE>
         <GRAD_Y>28.4720686178</GRAD_Y>
         <GRAD_X>-16.2524581229</GRAD_X>
     </especies>
     <especies>
         <NOM_COMUN>palmera datilera</NOM_COMUN>
         <ESPECIE>dactylifera</ESPECIE>
         <GENERO>Phoenix</GENERO>
         <FAMILIA>Arecaceae</FAMILIA>
         <geometry>
             <type>Point</type>
             <coordinates>-16.2622113740193</coordinates>
             <coordinates>28.464677373945</coordinates>
         </geometry>
         <GEOCODIGO>PHO_DAC-1</GEOCODIGO>
         <UTM_X>376427.14</UTM_X>
         <UTM_Y>3149327.62</UTM_Y>
         <ORIGEN>Norte de África y oeste de Asia</ORIGEN>
         <ENLACE>Proximamente disponible la ficha detallada de cada árbol singular de S/C de Tenerife. En proceso.</ENLACE>
         <GRAD_Y>28.4646773739</GRAD_Y>
         <GRAD_X>-16.262211374</GRAD_X>
     </especies>
     <especies>
         <NOM_COMUN>ombú, bella sombra, fitolaca</NOM_COMUN>
         <ESPECIE>dioica</ESPECIE>
         <GENERO>Phytolacca</GENERO>
         <FAMILIA>Phytolaccaceae</FAMILIA>
         <geometry>
             <type>Point</type>
             <coordinates>-16.2644357122899</coordinates>
             <coordinates>28.4634044289252</coordinates>
         </geometry>
         <GEOCODIGO>PHY_DIO-1</GEOCODIGO>
         <UTM_X>376207.87</UTM_X>
         <UTM_Y>3149188.87</UTM_Y>
         <ORIGEN>Ecuador, Brasil, Argentina, Paraguay y Uruguay</ORIGEN>
         <ENLACE>Proximamente disponible la ficha detallada de cada árbol singular de S/C de Tenerife. En proceso.</ENLACE>
         <GRAD_Y>28.4634044289</GRAD_Y>
         <GRAD_X>-16.2644357123</GRAD_X>
     </especies>
     <especies>
         <NOM_COMUN>árbol de la lluvia, samán</NOM_COMUN>
         <ESPECIE>saman</ESPECIE>
         <GENERO>Pithecellobium</GENERO>
         <FAMILIA>Fabaceae</FAMILIA>
         <geometry>
             <type>Point</type>
             <coordinates>-16.2576367095072</coordinates>
             <coordinates>28.4715532150665</coordinates>
         </geometry>
         <GEOCODIGO>PIT_SAM-1</GEOCODIGO>
         <UTM_X>376883.02</UTM_X>
         <UTM_Y>3150084.75</UTM_Y>
         <ORIGEN>México y América Central</ORIGEN>
         <ENLACE>Proximamente disponible la ficha detallada de cada árbol singular de S/C de Tenerife. En proceso.</ENLACE>
         <GRAD_Y>28.4715532151</GRAD_Y>
         <GRAD_X>-16.2576367095</GRAD_X>
     </especies>
     <especies>
         <NOM_COMUN>pino budista, kusamaki</NOM_COMUN>
         <ESPECIE>macrophyllus</ESPECIE>
         <GENERO>Podocarpus</GENERO>
         <FAMILIA>Podocarpaceae</FAMILIA>
         <geometry>
             <type>Point</type>
             <coordinates>-16.2513410184424</coordinates>
             <coordinates>28.468897595677</coordinates>
         </geometry>
         <GEOCODIGO>POD_MAC_ma-1</GEOCODIGO>
         <UTM_X>377496.33</UTM_X>
         <UTM_Y>3149784.08</UTM_Y>
         <ORIGEN>Sur del Japón y China.</ORIGEN>
         <ENLACE>Proximamente disponible la ficha detallada de cada árbol singular de S/C de Tenerife. En proceso.</ENLACE>
         <GRAD_Y>28.4688975957</GRAD_Y>
         <GRAD_X>-16.2513410184</GRAD_X>
     </especies>
     <especies>
         <NOM_COMUN>mangle rojo.</NOM_COMUN>
         <ESPECIE>mangle</ESPECIE>
         <GENERO>Rhizophora</GENERO>
         <FAMILIA>Rhizophoraceae</FAMILIA>
         <geometry>
             <type>Point</type>
             <coordinates>-16.2568615750266</coordinates>
             <coordinates>28.4519424773552</coordinates>
         </geometry>
         <GEOCODIGO>RHI_MAN-1</GEOCODIGO>
         <UTM_X>376936.19</UTM_X>
         <UTM_Y>3147911.14</UTM_Y>
         <ORIGEN>Zonas costeras latitudes tropicales y subtropicales Americana</ORIGEN>
         <ENLACE>Proximamente disponible la ficha detallada de cada árbol singular de S/C de Tenerife. En proceso.</ENLACE>
         <GRAD_Y>28.4519424774</GRAD_Y>
         <GRAD_X>-16.256861575</GRAD_X>
     </especies>
     <especies>
         <NOM_COMUN>tulipanero del Gabón, gallito, galeana</NOM_COMUN>
         <ESPECIE>campanulata</ESPECIE>
         <GENERO>Spathodea</GENERO>
         <FAMILIA>Bignoniaceae</FAMILIA>
         <geometry>
             <type>Point</type>
             <coordinates>-16.2547066514979</coordinates>
             <coordinates>28.4680653942254</coordinates>
         </geometry>
         <GEOCODIGO>SPA_CAM_au_1</GEOCODIGO>
         <UTM_X>377165.85</UTM_X>
         <UTM_Y>3149695.31</UTM_Y>
         <ORIGEN>África tropical</ORIGEN>
         <ENLACE>Proximamente disponible la ficha detallada de cada árbol singular de S/C de Tenerife. En proceso.</ENLACE>
         <GRAD_Y>28.4680653942</GRAD_Y>
         <GRAD_X>-16.2547066515</GRAD_X>
     </especies>
     <especies>
         <NOM_COMUN>tulipanero del Gabón, gallito, galeana</NOM_COMUN>
         <ESPECIE>campanulata</ESPECIE>
         <GENERO>Spathodea</GENERO>
         <FAMILIA>Bignoniaceae</FAMILIA>
         <geometry>
             <type>Point</type>
             <coordinates>-16.2547812594928</coordinates>
             <coordinates>28.4681212957261</coordinates>
         </geometry>
         <GEOCODIGO>SPA_CAM-1</GEOCODIGO>
         <UTM_X>377158.61</UTM_X>
         <UTM_Y>3149701.58</UTM_Y>
         <ORIGEN>África tropical</ORIGEN>
         <ENLACE>Proximamente disponible la ficha detallada de cada árbol singular de S/C de Tenerife. En proceso.</ENLACE>
         <GRAD_Y>28.4681212957</GRAD_Y>
         <GRAD_X>-16.2547812595</GRAD_X>
     </especies>
     <especies>
         <NOM_COMUN>caoba de Honduras</NOM_COMUN>
         <ESPECIE>macrophylla</ESPECIE>
         <GENERO>Swietenia</GENERO>
         <FAMILIA>Meliaceae</FAMILIA>
         <geometry>
             <type>Point</type>
             <coordinates>-16.2561100009327</coordinates>
             <coordinates>28.4519893110886</coordinates>
         </geometry>
         <GEOCODIGO>SWI_MAC-1</GEOCODIGO>
         <UTM_X>377009.84</UTM_X>
         <UTM_Y>3147915.56</UTM_Y>
         <ORIGEN>Zona intertropical americana</ORIGEN>
         <ENLACE>Proximamente disponible la ficha detallada de cada árbol singular de S/C de Tenerife. En proceso.</ENLACE>
         <GRAD_Y>28.4519893111</GRAD_Y>
         <GRAD_X>-16.2561100009</GRAD_X>
     </especies>
     <especies>
         <NOM_COMUN>caoba de las indias occidentales</NOM_COMUN>
         <ESPECIE>mahagoni</ESPECIE>
         <GENERO>Swietenia</GENERO>
         <FAMILIA>Meliaceae</FAMILIA>
         <geometry>
             <type>Point</type>
             <coordinates>-16.2550423082772</coordinates>
             <coordinates>28.4725361406242</coordinates>
         </geometry>
         <GEOCODIGO>SWI_MAH-1</GEOCODIGO>
         <UTM_X>377138.16</UTM_X>
         <UTM_Y>3150191</UTM_Y>
         <ORIGEN>Zona intertropical americana</ORIGEN>
         <ENLACE>Proximamente disponible la ficha detallada de cada árbol singular de S/C de Tenerife. En proceso.</ENLACE>
         <GRAD_Y>28.4725361406</GRAD_Y>
         <GRAD_X>-16.2550423083</GRAD_X>
     </especies>
     <especies>
         <NOM_COMUN>apamate</NOM_COMUN>
         <ESPECIE>heterophylla</ESPECIE>
         <GENERO>Tabebuia</GENERO>
         <FAMILIA>Bignoniaceae</FAMILIA>
         <geometry>
             <type>Point</type>
             <coordinates>-16.2665600968203</coordinates>
             <coordinates>28.4699924805262</coordinates>
         </geometry>
         <GEOCODIGO>TAB_HET-1</GEOCODIGO>
         <UTM_X>376007.56</UTM_X>
         <UTM_Y>3149921</UTM_Y>
         <ORIGEN>México hasta el norte de Venezuela, Colombia y Ecuador</ORIGEN>
         <ENLACE>Proximamente disponible la ficha detallada de cada árbol singular de S/C de Tenerife. En proceso.</ENLACE>
         <GRAD_Y>28.4699924805</GRAD_Y>
         <GRAD_X>-16.2665600968</GRAD_X>
     </especies>
     <especies>
         <NOM_COMUN>tamarindo</NOM_COMUN>
         <ESPECIE>indica</ESPECIE>
         <GENERO>Tamarindus</GENERO>
         <FAMILIA>Fabaceae</FAMILIA>
         <geometry>
             <type>Point</type>
             <coordinates>-16.2369463624548</coordinates>
             <coordinates>28.4869057471388</coordinates>
         </geometry>
         <GEOCODIGO>TAM_IND-1</GEOCODIGO>
         <UTM_X>378926.2</UTM_X>
         <UTM_Y>3151764.74</UTM_Y>
         <ORIGEN>África</ORIGEN>
         <ENLACE>Proximamente disponible la ficha detallada de cada árbol singular de S/C de Tenerife. En proceso.</ENLACE>
         <GRAD_Y>28.4869057471</GRAD_Y>
         <GRAD_X>-16.2369463625</GRAD_X>
     </especies>
     <especies>
         <NOM_COMUN>tamarindo</NOM_COMUN>
         <ESPECIE>indica</ESPECIE>
         <GENERO>Tamarindus</GENERO>
         <FAMILIA>Fabaceae</FAMILIA>
         <geometry>
             <type>Point</type>
             <coordinates>-16.2550505465283</coordinates>
             <coordinates>28.4717467859988</coordinates>
         </geometry>
         <GEOCODIGO>TAM_IND-2</GEOCODIGO>
         <UTM_X>377136.44</UTM_X>
         <UTM_Y>3150103.55</UTM_Y>
         <ORIGEN>África</ORIGEN>
         <ENLACE>Proximamente disponible la ficha detallada de cada árbol singular de S/C de Tenerife. En proceso.</ENLACE>
         <GRAD_Y>28.471746786</GRAD_Y>
         <GRAD_X>-16.2550505465</GRAD_X>
     </especies>
     <especies>
         <NOM_COMUN>tamarindo</NOM_COMUN>
         <ESPECIE>indica</ESPECIE>
         <GENERO>Tamarindus</GENERO>
         <FAMILIA>Fabaceae</FAMILIA>
         <geometry>
             <type>Point</type>
             <coordinates>-16.2622331204326</coordinates>
             <coordinates>28.4648056047147</coordinates>
         </geometry>
         <GEOCODIGO>TAM_IND-3</GEOCODIGO>
         <UTM_X>376425.16</UTM_X>
         <UTM_Y>3149341.85</UTM_Y>
         <ORIGEN>África</ORIGEN>
         <ENLACE>Proximamente disponible la ficha detallada de cada árbol singular de S/C de Tenerife. En proceso.</ENLACE>
         <GRAD_Y>28.4648056047</GRAD_Y>
         <GRAD_X>-16.2622331204</GRAD_X>
     </especies>
     <especies>
         <NOM_COMUN>almendro de Madagascar</NOM_COMUN>
         <ESPECIE>mantaly</ESPECIE>
         <GENERO>Terminalia</GENERO>
         <FAMILIA>Combretaceae</FAMILIA>
         <geometry>
             <type>Point</type>
             <coordinates>-16.254200155358</coordinates>
             <coordinates>28.4731332743763</coordinates>
         </geometry>
         <GEOCODIGO>TER_MAN-1</GEOCODIGO>
         <UTM_X>377221.3</UTM_X>
         <UTM_Y>3150256.3</UTM_Y>
         <ORIGEN>Madagascar</ORIGEN>
         <ENLACE>Proximamente disponible la ficha detallada de cada árbol singular de S/C de Tenerife. En proceso.</ENLACE>
         <GRAD_Y>28.4731332744</GRAD_Y>
         <GRAD_X>-16.2542001554</GRAD_X>
     </especies>
     <especies>
         <NOM_COMUN>almendro de Madagascar</NOM_COMUN>
         <ESPECIE>mantaly</ESPECIE>
         <GENERO>Terminalia</GENERO>
         <FAMILIA>Combretaceae</FAMILIA>
         <geometry>
             <type>Point</type>
             <coordinates>-16.2541296097519</coordinates>
             <coordinates>28.473153510294</coordinates>
         </geometry>
         <GEOCODIGO>TER_MAN-2</GEOCODIGO>
         <UTM_X>377228.23</UTM_X>
         <UTM_Y>3150258.47</UTM_Y>
         <ORIGEN>Madagascar</ORIGEN>
         <ENLACE>Proximamente disponible la ficha detallada de cada árbol singular de S/C de Tenerife. En proceso.</ENLACE>
         <GRAD_Y>28.4731535103</GRAD_Y>
         <GRAD_X>-16.2541296098</GRAD_X>
     </especies>
 </root>
