{
    "especies": [
      {
        "NOM_COMUN": "goma arábiga",
        "ESPECIE": "nilotica",
        "GENERO": "Acacia",
        "FAMILIA": "Fabaceae",
        "geometry": {
          "type": "Point",
          "coordinates": [-16.2647339815886, 28.4644372389831]
        },
        "GEOCODIGO": "ACA_NIL_kr-1",
        "UTM_X": 376179.87,
        "UTM_Y": 3149303.61,
        "ORIGEN": "África y subcontinente Indio",
        "ENLACE": "Proximamente disponible la ficha detallada de cada árbol singular de S/C de Tenerife. En proceso.",
        "GRAD_Y": 28.464437239,
        "GRAD_X": -16.2647339816
      },
      {
        "NOM_COMUN": "baobab",
        "ESPECIE": "digitata",
        "GENERO": "Adansonia",
        "FAMILIA": "Malvaceae",
        "geometry": {
          "type": "Point",
          "coordinates": [-16.2514348032782, 28.4688647824799]
        },
        "GEOCODIGO": "ADA_DIG-1",
        "UTM_X": 377487.11,
        "UTM_Y": 3149780.54,
        "ORIGEN": "Sur del Sahara, Africa",
        "ENLACE": "Proximamente disponible la ficha detallada de cada árbol singular de S/C de Tenerife. En proceso.",
        "GRAD_Y": 28.4688647825,
        "GRAD_X": -16.2514348033
      },
      {
        "NOM_COMUN": "baobab za",
        "ESPECIE": "za",
        "GENERO": "Adansonia",
        "FAMILIA": "Malvaceae",
        "geometry": {
          "type": "Point",
          "coordinates": [-16.256939105152, 28.4519009658193]
        },
        "GEOCODIGO": "ADA_ZA-1",
        "UTM_X": 376928.55,
        "UTM_Y": 3147906.62,
        "ORIGEN": "NW, W y S de Madagascar",
        "ENLACE": "Proximamente disponible la ficha detallada de cada árbol singular de S/C de Tenerife. En proceso.",
        "GRAD_Y": 28.4519009658,
        "GRAD_X": -16.2569391052
      },
      {
        "NOM_COMUN": "palma del azúcar",
        "ESPECIE": "pinnata",
        "GENERO": "Arenga",
        "FAMILIA": "Arecaceae",
        "geometry": {
          "type": "Point",
          "coordinates": [-16.2552521560956, 28.4515725782251]
        },
        "GEOCODIGO": "ARE_PIN-1",
        "UTM_X": 377093.36,
        "UTM_Y": 3147868.51,
        "ORIGEN": "SE Asia: la India, Malasia, Indonesia y Filipinas",
        "ENLACE": "Proximamente disponible la ficha detallada de cada árbol singular de S/C de Tenerife. En proceso.",
        "GRAD_Y": 28.4515725782,
        "GRAD_X": -16.2552521561
      },
      {
        "NOM_COMUN": "corozo",
        "ESPECIE": "cohune",
        "GENERO": "Attalea",
        "FAMILIA": "Arecaceae",
        "geometry": {
          "type": "Point",
          "coordinates": [-16.2563044132261, 28.4521597227124]
        },
        "GEOCODIGO": "ATT_COH-1",
        "UTM_X": 376991,
        "UTM_Y": 3147934.64,
        "ORIGEN": "Zona tropical e Intropical americana",
        "ENLACE": "Proximamente disponible la ficha detallada de cada árbol singular de S/C de Tenerife. En proceso.",
        "GRAD_Y": 28.4521597227,
        "GRAD_X": -16.2563044132
      },
      {
        "NOM_COMUN": "braquiquito, árbol botella",
        "ESPECIE": "populneus",
        "GENERO": "Brachychiton",
        "FAMILIA": "Malvaceae",
        "geometry": {
          "type": "Point",
          "coordinates": [-16.2645963766936, 28.458343431536]
        },
        "GEOCODIGO": "BRA_POP-1",
        "UTM_X": 376186.24,
        "UTM_Y": 3148628.29,
        "ORIGEN": "Australia",
        "ENLACE": "Proximamente disponible la ficha detallada de cada árbol singular de S/C de Tenerife. En proceso.",
        "GRAD_Y": 28.4583434315,
        "GRAD_X": -16.2645963767
      },
      {
        "NOM_COMUN": "cascalote, chalala",
        "ESPECIE": "cacalaco",
        "GENERO": "Caesalpinia",
        "FAMILIA": "Fabaceae",
        "geometry": {
          "type": "Point",
          "coordinates": [-16.2538532528681, 28.4726120024104]
        },
        "GEOCODIGO": "CAE_CAC-1",
        "UTM_X": 377254.66,
        "UTM_Y": 3150198.19,
        "ORIGEN": "México",
        "ENLACE": "Proximamente disponible la ficha detallada de cada árbol singular de S/C de Tenerife. En proceso.",
        "GRAD_Y": 28.4726120024,
        "GRAD_X": -16.2538532529
      },
      {
        "NOM_COMUN": "casuarina, pino australiano",
        "ESPECIE": "equisetifolia",
        "GENERO": "Casuarina",
        "FAMILIA": "Casuarinaceae",
        "geometry": {
          "type": "Point",
          "coordinates": [-16.2492623273978, 28.464645296722]
        },
        "GEOCODIGO": "CAS_EQU-1",
        "UTM_X": 377694.95,
        "UTM_Y": 3149310.82,
        "ORIGEN": "Norte de Australia, suroeste asiático y Polinesia",
        "ENLACE": "Proximamente disponible la ficha detallada de cada árbol singular de S/C de Tenerife. En proceso.",
        "GRAD_Y": 28.4646452967,
        "GRAD_X": -16.2492623274
      },
      {
        "NOM_COMUN": "yagrumo, yarumo o guarumbo",
        "ESPECIE": "peltata",
        "GENERO": "Cecropia",
        "FAMILIA": "Urticaceae",
        "geometry": {
          "type": "Point",
          "coordinates": [-16.2528251872931, 28.4621436005077]
        },
        "GEOCODIGO": "CEC_PEL-1",
        "UTM_X": 377343.22,
        "UTM_Y": 3149037.27,
        "ORIGEN": "México hasta América del Sur, incluyendo las Antillas.",
        "ENLACE": "Proximamente disponible la ficha detallada de cada árbol singular de S/C de Tenerife. En proceso.",
        "GRAD_Y": 28.4621436005,
        "GRAD_X": -16.2528251873
      },
      {
        "NOM_COMUN": "ceiba",
        "ESPECIE": "pentandra",
        "GENERO": "Ceiba",
        "FAMILIA": "Malvaceae",
        "geometry": {
          "type": "Point",
          "coordinates": [-16.2614376436179, 28.4641988908186]
        },
        "GEOCODIGO": "CEI_PEN-1",
        "UTM_X": 376502.34,
        "UTM_Y": 3149273.81,
        "ORIGEN": "América Central",
        "ENLACE": "Proximamente disponible la ficha detallada de cada árbol singular de S/C de Tenerife. En proceso.",
        "GRAD_Y": 28.4641988908,
        "GRAD_X": -16.2614376436
      },
      {
        "NOM_COMUN": "ceiba",
        "ESPECIE": "pentandra",
        "GENERO": "Ceiba",
        "FAMILIA": "Malvaceae",
        "geometry": {
          "type": "Point",
          "coordinates": [-16.2538275158796, 28.4732436626772]
        },
        "GEOCODIGO": "CEI_PEN-2",
        "UTM_X": 377257.91,
        "UTM_Y": 3150268.15,
        "ORIGEN": "América Central",
        "ENLACE": "Proximamente disponible la ficha detallada de cada árbol singular de S/C de Tenerife. En proceso.",
        "GRAD_Y": 28.4732436627,
        "GRAD_X": -16.2538275159
      },
      {
        "NOM_COMUN": "palo borracho",
        "ESPECIE": "speciosa",
        "GENERO": "Ceiba",
        "FAMILIA": "Malvaceae",
        "geometry": {
          "type": "Point",
          "coordinates": [-16.2542716063978, 28.4676035112096]
        },
        "GEOCODIGO": "CEI_SPE-1",
        "UTM_X": 377207.91,
        "UTM_Y": 3149643.69,
        "ORIGEN": "Selvas tropicales y subtropicales de Ámerica",
        "ENLACE": "Proximamente disponible la ficha detallada de cada árbol singular de S/C de Tenerife. En proceso.",
        "GRAD_Y": 28.4676035112,
        "GRAD_X": -16.2542716064
      },
      {
        "NOM_COMUN": "palmito",
        "ESPECIE": "humilis",
        "GENERO": "Chamaerops",
        "FAMILIA": "Arecaceae",
        "geometry": {
          "type": "Point",
          "coordinates": [-16.2643928796809, 28.4583642766589]
        },
        "GEOCODIGO": "CHA_HUM-1",
        "UTM_X": 376206.19,
        "UTM_Y": 3148630.39,
        "ORIGEN": "Área mediterránea",
        "ENLACE": "Proximamente disponible la ficha detallada de cada árbol singular de S/C de Tenerife. En proceso.",
        "GRAD_Y": 28.4583642767,
        "GRAD_X": -16.2643928797
      },
      {
        "NOM_COMUN": "guano",
        "ESPECIE": "borhidiana",
        "GENERO": "Coccothrinax",
        "FAMILIA": "Arecaceae",
        "geometry": {
          "type": "Point",
          "coordinates": [-16.2553582545765, 28.4524279396084]
        },
        "GEOCODIGO": "COC_BOR-1",
        "UTM_X": 377083.96,
        "UTM_Y": 3147963.39,
        "ORIGEN": "Norte de la isla de Cuba",
        "ENLACE": "Proximamente disponible la ficha detallada de cada árbol singular de S/C de Tenerife. En proceso.",
        "GRAD_Y": 28.4524279396,
        "GRAD_X": -16.2553582546
      },
      {
        "NOM_COMUN": "palma azul",
        "ESPECIE": "macroglossa",
        "GENERO": "Coccothrinax",
        "FAMILIA": "Arecaceae",
        "geometry": {
          "type": "Point",
          "coordinates": [-16.2574992825112, 28.4521545506433]
        },
        "GEOCODIGO": "COC_MAC-1",
        "UTM_X": 376873.99,
        "UTM_Y": 3147935.29,
        "ORIGEN": "Cuba",
        "ENLACE": "Proximamente disponible la ficha detallada de cada árbol singular de S/C de Tenerife. En proceso.",
        "GRAD_Y": 28.4521545506,
        "GRAD_X": -16.2574992825
      },
      {
        "NOM_COMUN": "manzana Kei, umkokola",
        "ESPECIE": "caffra",
        "GENERO": "Dovyalis",
        "FAMILIA": "Salicaceae",
        "geometry": {
          "type": "Point",
          "coordinates": [-16.2619266642133, 28.4643024799036]
        },
        "GEOCODIGO": "DOV_CAF-1",
        "UTM_X": 376454.58,
        "UTM_Y": 3149285.79,
        "ORIGEN": "Sudáfrica, Zimbabwe y Mozambique",
        "ENLACE": "Proximamente disponible la ficha detallada de cada árbol singular de S/C de Tenerife. En proceso.",
        "GRAD_Y": 28.4643024799,
        "GRAD_X": -16.2619266642
      },
      {
        "NOM_COMUN": "drago, drago de Canarias",
        "ESPECIE": "draco",
        "GENERO": "Dracaena",
        "FAMILIA": "Asparagaceae",
        "geometry": {
          "type": "Point",
          "coordinates": [-16.2507925551082, 28.4676157855792]
        },
        "GEOCODIGO": "DRA_DRA_dr-4",
        "UTM_X": 377548.55,
        "UTM_Y": 3149641.5,
        "ORIGEN": "Islas Canarias, Madeira y Cabo Verde",
        "ENLACE": "Proximamente disponible la ficha detallada de cada árbol singular de S/C de Tenerife. En proceso.",
        "GRAD_Y": 28.4676157856,
        "GRAD_X": -16.2507925551
      },
      {
        "NOM_COMUN": "drago, drago de Canarias",
        "ESPECIE": "draco",
        "GENERO": "Dracaena",
        "FAMILIA": "Asparagaceae",
        "geometry": {
          "type": "Point",
          "coordinates": [-16.2487264514418, 28.464794896434]
        },
        "GEOCODIGO": "DRA_DRA_dr-5",
        "UTM_X": 377747.59,
        "UTM_Y": 3149326.85,
        "ORIGEN": "Islas Canarias, Madeira y Cabo Verde",
        "ENLACE": "Proximamente disponible la ficha detallada de cada árbol singular de S/C de Tenerife. En proceso.",
        "GRAD_Y": 28.4647948964,
        "GRAD_X": -16.2487264514
      },
      {
        "NOM_COMUN": "drago, drago de Canarias",
        "ESPECIE": "draco",
        "GENERO": "Dracaena",
        "FAMILIA": "Asparagaceae",
        "geometry": {
          "type": "Point",
          "coordinates": [-16.2553657389596, 28.4704150546182]
        },
        "GEOCODIGO": "DRA_DRA_dr-7",
        "UTM_X": 377104.04,
        "UTM_Y": 3149956.32,
        "ORIGEN": "Islas Canarias, Madeira y Cabo Verde",
        "ENLACE": "Proximamente disponible la ficha detallada de cada árbol singular de S/C de Tenerife. En proceso.",
        "GRAD_Y": 28.4704150546,
        "GRAD_X": -16.255365739
      },
      {
        "NOM_COMUN": "eucalipto rojo",
        "ESPECIE": "camaldulensis",
        "GENERO": "Eucalyptus",
        "FAMILIA": "Myrtaceae",
        "geometry": {
          "type": "Point",
          "coordinates": [-16.2651195591922, 28.4644991780729]
        },
        "GEOCODIGO": "EUC_CAM-1",
        "UTM_X": 376142.19,
        "UTM_Y": 3149310.87,
        "ORIGEN": "Australia",
        "ENLACE": "Proximamente disponible la ficha detallada de cada árbol singular de S/C de Tenerife. En proceso.",
        "GRAD_Y": 28.4644991781,
        "GRAD_X": -16.2651195592
      },
      {
        "NOM_COMUN": "tabaiba dulce",
        "ESPECIE": "balsamifera",
        "GENERO": "Euphorbia",
        "FAMILIA": "Euphorbiaceae",
        "geometry": {
          "type": "Point",
          "coordinates": [-16.3265786564472, 28.4500888905676]
        },
        "GEOCODIGO": "EUP_BAL_ba-1",
        "UTM_X": 370107.022258,
        "UTM_Y": 3147779.10393,
        "ORIGEN": "Islas Canarias",
        "ENLACE": "Proximamente disponible la ficha detallada de cada árbol singular de S/C de Tenerife. En proceso.",
        "GRAD_Y": 28.4500888906,
        "GRAD_X": -16.3265786564
      },
      {
        "NOM_COMUN": "cardón",
        "ESPECIE": "canariensis",
        "GENERO": "Euphorbia",
        "FAMILIA": "Euphorbiaceae",
        "geometry": {
          "type": "Point",
          "coordinates": [-16.3264444032554, 28.4230529845653]
        },
        "GEOCODIGO": "EUP_CAN-1",
        "UTM_X": 370087.14,
        "UTM_Y": 3144783.42,
        "ORIGEN": "Islas Canarias",
        "ENLACE": "Proximamente disponible la ficha detallada de cada árbol singular de S/C de Tenerife. En proceso.",
        "GRAD_Y": 28.4230529846,
        "GRAD_X": -16.3264444033
      },
      {
        "NOM_COMUN": "planta cresta, huesos de dragón",
        "ESPECIE": "lactea",
        "GENERO": "Euphorbia",
        "FAMILIA": "Euphorbiaceae",
        "geometry": {
          "type": "Point",
          "coordinates": [-16.2488052225136, 28.4647623131887]
        },
        "GEOCODIGO": "EUP_LAC-1",
        "UTM_X": 377739.84,
        "UTM_Y": 3149323.32,
        "ORIGEN": "India y Sri Lanka",
        "ENLACE": "Proximamente disponible la ficha detallada de cada árbol singular de S/C de Tenerife. En proceso.",
        "GRAD_Y": 28.4647623132,
        "GRAD_X": -16.2488052225
      },
      {
        "NOM_COMUN": "baniano",
        "ESPECIE": "beghalensis",
        "GENERO": "Ficus",
        "FAMILIA": "Moraceae",
        "geometry": {
          "type": "Point",
          "coordinates": [-16.2550283105865, 28.4726567600147]
        },
        "GEOCODIGO": "FIC_BEG-1",
        "UTM_X": 377139.67,
        "UTM_Y": 3150204.35,
        "ORIGEN": "India, Pakistán y Bangladesh",
        "ENLACE": "Proximamente disponible la ficha detallada de cada árbol singular de S/C de Tenerife. En proceso.",
        "GRAD_Y": 28.47265676,
        "GRAD_X": -16.2550283106
      },
      {
        "NOM_COMUN": "higuera de hoja estrecha",
        "ESPECIE": "maclellandii",
        "GENERO": "Ficus",
        "FAMILIA": "Moraceae",
        "geometry": {
          "type": "Point",
          "coordinates": [-16.26769204919, 28.4692007799256]
        },
        "GEOCODIGO": "FIC_MAC-1",
        "UTM_X": 375895.81,
        "UTM_Y": 3149834.45,
        "ORIGEN": "China, India, Malasia, Tailandia, Vietnam",
        "ENLACE": "Proximamente disponible la ficha detallada de cada árbol singular de S/C de Tenerife. En proceso.",
        "GRAD_Y": 28.4692007799,
        "GRAD_X": -16.2676920492
      },
      {
        "NOM_COMUN": "higuera de Bahía Moretón",
        "ESPECIE": "macrophylla",
        "GENERO": "Ficus",
        "FAMILIA": "Moraceae",
        "geometry": {
          "type": "Point",
          "coordinates": [-16.2489604128088, 28.4683533993588]
        },
        "GEOCODIGO": "FIC_MACR-1",
        "UTM_X": 377728.78,
        "UTM_Y": 3149721.36,
        "ORIGEN": "Este de Australia",
        "ENLACE": "Proximamente disponible la ficha detallada de cada árbol singular de S/C de Tenerife. En proceso.",
        "GRAD_Y": 28.4683533994,
        "GRAD_X": -16.2489604128
      },
      {
        "NOM_COMUN": "higuera de Bahía Moretón",
        "ESPECIE": "macrophylla",
        "GENERO": "Ficus",
        "FAMILIA": "Moraceae",
        "geometry": {
          "type": "Point",
          "coordinates": [-16.249005627592, 28.468185651348]
        },
        "GEOCODIGO": "FIC_MACR-2",
        "UTM_X": 377724.16,
        "UTM_Y": 3149702.82,
        "ORIGEN": "Este de Australia",
        "ENLACE": "Proximamente disponible la ficha detallada de cada árbol singular de S/C de Tenerife. En proceso.",
        "GRAD_Y": 28.4681856513,
        "GRAD_X": -16.2490056276
      },
      {
        "NOM_COMUN": "higuera de Bahía Moretón",
        "ESPECIE": "macrophylla",
        "GENERO": "Ficus",
        "FAMILIA": "Moraceae",
        "geometry": {
          "type": "Point",
          "coordinates": [-16.2490321405939, 28.4680083275354]
        },
        "GEOCODIGO": "FIC_MACR-3",
        "UTM_X": 377721.36,
        "UTM_Y": 3149683.2,
        "ORIGEN": "Este de Australia",
        "ENLACE": "Proximamente disponible la ficha detallada de cada árbol singular de S/C de Tenerife. En proceso.",
        "GRAD_Y": 28.4680083275,
        "GRAD_X": -16.2490321406
      },
      {
        "NOM_COMUN": "higuera de Bahía Moretón",
        "ESPECIE": "macrophylla",
        "GENERO": "Ficus",
        "FAMILIA": "Moraceae",
        "geometry": {
          "type": "Point",
          "coordinates": [-16.2490621096607, 28.4678382826305]
        },
        "GEOCODIGO": "FIC_MACR-4",
        "UTM_X": 377718.23,
        "UTM_Y": 3149664.39,
        "ORIGEN": "Este de Australia",
        "ENLACE": "Proximamente disponible la ficha detallada de cada árbol singular de S/C de Tenerife. En proceso.",
        "GRAD_Y": 28.4678382826,
        "GRAD_X": -16.2490621097
      },
      {
        "NOM_COMUN": "higuera de Bahía Moretón",
        "ESPECIE": "macrophylla",
        "GENERO": "Ficus",
        "FAMILIA": "Moraceae",
        "geometry": {
          "type": "Point",
          "coordinates": [-16.2542050695495, 28.4719668655877]
        },
        "GEOCODIGO": "FIC_MACR-5",
        "UTM_X": 377219.47,
        "UTM_Y": 3150127.07,
        "ORIGEN": "Este de Australia",
        "ENLACE": "Proximamente disponible la ficha detallada de cada árbol singular de S/C de Tenerife. En proceso.",
        "GRAD_Y": 28.4719668656,
        "GRAD_X": -16.2542050695
      },
      {
        "NOM_COMUN": "higuera de Bahía Moretón",
        "ESPECIE": "macrophylla",
        "GENERO": "Ficus",
        "FAMILIA": "Moraceae",
        "geometry": {
          "type": "Point",
          "coordinates": [-16.2547159501798, 28.4728460186386]
        },
        "GEOCODIGO": "FIC_MACR-6",
        "UTM_X": 377170.47,
        "UTM_Y": 3150225,
        "ORIGEN": "Este de Australia",
        "ENLACE": "Proximamente disponible la ficha detallada de cada árbol singular de S/C de Tenerife. En proceso.",
        "GRAD_Y": 28.4728460186,
        "GRAD_X": -16.2547159502
      },
      {
        "NOM_COMUN": "higuera de Bahía Moretón",
        "ESPECIE": "macrophylla",
        "GENERO": "Ficus",
        "FAMILIA": "Moraceae",
        "geometry": {
          "type": "Point",
          "coordinates": [-16.2524983501427, 28.4633116221052]
        },
        "GEOCODIGO": "FIC_MACR-7",
        "UTM_X": 377376.57,
        "UTM_Y": 3149166.35,
        "ORIGEN": "Este de Australia",
        "ENLACE": "Proximamente disponible la ficha detallada de cada árbol singular de S/C de Tenerife. En proceso.",
        "GRAD_Y": 28.4633116221,
        "GRAD_X": -16.2524983501
      },
      {
        "NOM_COMUN": "laurel de Indias",
        "ESPECIE": "microcarpa",
        "GENERO": "Ficus",
        "FAMILIA": "Moraceae",
        "geometry": {
          "type": "Point",
          "coordinates": [-16.2504292425612, 28.4682567778136]
        },
        "GEOCODIGO": "FIC_MIC-1",
        "UTM_X": 377584.86,
        "UTM_Y": 3149712.15,
        "ORIGEN": "S-SE Asiático",
        "ENLACE": "Proximamente disponible la ficha detallada de cada árbol singular de S/C de Tenerife. En proceso.",
        "GRAD_Y": 28.4682567778,
        "GRAD_X": -16.2504292426
      },
      {
        "NOM_COMUN": "laurel de Indias",
        "ESPECIE": "microcarpa",
        "GENERO": "Ficus",
        "FAMILIA": "Moraceae",
        "geometry": {
          "type": "Point",
          "coordinates": [-16.2503314517411, 28.4681406037467]
        },
        "GEOCODIGO": "FIC_MIC-2",
        "UTM_X": 377594.300494,
        "UTM_Y": 3149699.17862,
        "ORIGEN": "S-SE Asiático",
        "ENLACE": "Proximamente disponible la ficha detallada de cada árbol singular de S/C de Tenerife. En proceso.",
        "GRAD_Y": 28.4681406037,
        "GRAD_X": -16.2503314517
      },
      {
        "NOM_COMUN": "laurel de Indias",
        "ESPECIE": "microcarpa",
        "GENERO": "Ficus",
        "FAMILIA": "Moraceae",
        "geometry": {
          "type": "Point",
          "coordinates": [-16.2482500337262, 28.4649894369547]
        },
        "GEOCODIGO": "FIC_MIC-3",
        "UTM_X": 377794.46,
        "UTM_Y": 3149347.92,
        "ORIGEN": "S-SE Asiático",
        "ENLACE": "Proximamente disponible la ficha detallada de cada árbol singular de S/C de Tenerife. En proceso.",
        "GRAD_Y": 28.464989437,
        "GRAD_X": -16.2482500337
      },
      {
        "NOM_COMUN": "laurel de Indias",
        "ESPECIE": "microcarpa",
        "GENERO": "Ficus",
        "FAMILIA": "Moraceae",
        "geometry": {
          "type": "Point",
          "coordinates": [-16.2483641148574, 28.4649717830047]
        },
        "GEOCODIGO": "FIC_MIC-4",
        "UTM_X": 377783.27,
        "UTM_Y": 3149346.08,
        "ORIGEN": "S-SE Asiático",
        "ENLACE": "Proximamente disponible la ficha detallada de cada árbol singular de S/C de Tenerife. En proceso.",
        "GRAD_Y": 28.464971783,
        "GRAD_X": -16.2483641149
      },
      {
        "NOM_COMUN": "laurel de Indias",
        "ESPECIE": "microcarpa",
        "GENERO": "Ficus",
        "FAMILIA": "Moraceae",
        "geometry": {
          "type": "Point",
          "coordinates": [-16.2635614872207, 28.472609510264]
        },
        "GEOCODIGO": "FIC_MIC-5",
        "UTM_X": 376304.19,
        "UTM_Y": 3150207.87,
        "ORIGEN": "S-SE Asiático",
        "ENLACE": "Proximamente disponible la ficha detallada de cada árbol singular de S/C de Tenerife. En proceso.",
        "GRAD_Y": 28.4726095103,
        "GRAD_X": -16.2635614872
      },
      {
        "NOM_COMUN": "higuera, higuera sagrada",
        "ESPECIE": "religiosa",
        "GENERO": "Ficus",
        "FAMILIA": "Moraceae",
        "geometry": {
          "type": "Point",
          "coordinates": [-16.2539489666127, 28.4627512212028]
        },
        "GEOCODIGO": "FIC_REL-1",
        "UTM_X": 377233.89,
        "UTM_Y": 3149105.74,
        "ORIGEN": "India, Nepal, Pakistán",
        "ENLACE": "Proximamente disponible la ficha detallada de cada árbol singular de S/C de Tenerife. En proceso.",
        "GRAD_Y": 28.4627512212,
        "GRAD_X": -16.2539489666
      },
      {
        "NOM_COMUN": "sicomoro",
        "ESPECIE": "sycomorus",
        "GENERO": "Ficus",
        "FAMILIA": "Moraceae",
        "geometry": {
          "type": "Point",
          "coordinates": [-16.2569235028889, 28.4520410053067]
        },
        "GEOCODIGO": "FIC_SYC-1",
        "UTM_X": 376930.24,
        "UTM_Y": 3147922.12,
        "ORIGEN": "Península Arábiga y África tropical",
        "ENLACE": "Proximamente disponible la ficha detallada de cada árbol singular de S/C de Tenerife. En proceso.",
        "GRAD_Y": 28.4520410053,
        "GRAD_X": -16.2569235029
      },
      {
        "NOM_COMUN": "higuerón",
        "ESPECIE": "velvet",
        "GENERO": "Ficus",
        "FAMILIA": "Moraceae",
        "geometry": {
          "type": "Point",
          "coordinates": [-16.253910541351, 28.4747471745667]
        },
        "GEOCODIGO": "FIC_VEL-1",
        "UTM_X": 377251.52,
        "UTM_Y": 3150434.82,
        "ORIGEN": "Mutación",
        "ENLACE": "Proximamente disponible la ficha detallada de cada árbol singular de S/C de Tenerife. En proceso.",
        "GRAD_Y": 28.4747471746,
        "GRAD_X": -16.2539105414
      },
      {
        "NOM_COMUN": "ciruelo de los Cafres",
        "ESPECIE": "caffrum",
        "GENERO": "Harpephyllum",
        "FAMILIA": "Anacardiaceae",
        "geometry": {
          "type": "Point",
          "coordinates": [-16.2496298362278, 28.4653857124723]
        },
        "GEOCODIGO": "HAR_CAF-1",
        "UTM_X": 377659.82,
        "UTM_Y": 3149393.23,
        "ORIGEN": "Este del Cabo hasta Mozambique y Zimbabwe",
        "ENLACE": "Proximamente disponible la ficha detallada de cada árbol singular de S/C de Tenerife. En proceso.",
        "GRAD_Y": 28.4653857125,
        "GRAD_X": -16.2496298362
      },
      {
        "NOM_COMUN": "harpulia, árbol de los tulipanes de la india",
        "ESPECIE": "cupanioides",
        "GENERO": "Harpullia",
        "FAMILIA": "Sapindaceae",
        "geometry": {
          "type": "Point",
          "coordinates": [-16.2539517184402, 28.4726553193797]
        },
        "GEOCODIGO": "HAR_CUP-1",
        "UTM_X": 377245.07,
        "UTM_Y": 3150203.09,
        "ORIGEN": "Zona tropical Africana, India, Bangladesh, China y Australia",
        "ENLACE": "Proximamente disponible la ficha detallada de cada árbol singular de S/C de Tenerife. En proceso.",
        "GRAD_Y": 28.4726553194,
        "GRAD_X": -16.2539517184
      },
      {
        "NOM_COMUN": "jablillo, jabilla",
        "ESPECIE": "crepitans",
        "GENERO": "Hura",
        "FAMILIA": "Euphorbiaceae",
        "geometry": {
          "type": "Point",
          "coordinates": [-16.2537048492603, 28.4734950703337]
        },
        "GEOCODIGO": "HUR_CRE-1",
        "UTM_X": 377270.21,
        "UTM_Y": 3150295.88,
        "ORIGEN": "Las Antillas y América Tropical",
        "ENLACE": "Proximamente disponible la ficha detallada de cada árbol singular de S/C de Tenerife. En proceso.",
        "GRAD_Y": 28.4734950703,
        "GRAD_X": -16.2537048493
      },
      {
        "NOM_COMUN": "jacarandá, palisandro",
        "ESPECIE": "mimosifolia",
        "GENERO": "Jacaranda",
        "FAMILIA": "Bignoniaceae",
        "geometry": {
          "type": "Point",
          "coordinates": [-16.2581966323545, 28.4709142666762]
        },
        "GEOCODIGO": "JAC_MIM-1",
        "UTM_X": 376827.46,
        "UTM_Y": 3150014.53,
        "ORIGEN": "Argentina y Bolivia",
        "ENLACE": "Proximamente disponible la ficha detallada de cada árbol singular de S/C de Tenerife. En proceso.",
        "GRAD_Y": 28.4709142667,
        "GRAD_X": -16.2581966324
      },
      {
        "NOM_COMUN": "árbol de las salchichas",
        "ESPECIE": "africana",
        "GENERO": "Kigelia",
        "FAMILIA": "Bignoniaceae",
        "geometry": {
          "type": "Point",
          "coordinates": [-16.2564681465143, 28.4659358140253]
        },
        "GEOCODIGO": "KIG_AFR-1",
        "UTM_X": 376990.92,
        "UTM_Y": 3149461.16,
        "ORIGEN": "África tropical y subtropical",
        "ENLACE": "Proximamente disponible la ficha detallada de cada árbol singular de S/C de Tenerife. En proceso.",
        "GRAD_Y": 28.465935814,
        "GRAD_X": -16.2564681465
      },
      {
        "NOM_COMUN": "lagunaria, árbol pica-pica, hibisco de Norfolk",
        "ESPECIE": "patersonia",
        "GENERO": "Lagunaria",
        "FAMILIA": "Malvaceae",
        "geometry": {
          "type": "Point",
          "coordinates": [-16.2549960326623, 28.4718184099083]
        },
        "GEOCODIGO": "LAG_PAT-1",
        "UTM_X": 377141.86,
        "UTM_Y": 3150111.43,
        "ORIGEN": "Australia",
        "ENLACE": "Proximamente disponible la ficha detallada de cada árbol singular de S/C de Tenerife. En proceso.",
        "GRAD_Y": 28.4718184099,
        "GRAD_X": -16.2549960327
      },
      {
        "NOM_COMUN": "parkia",
        "ESPECIE": "javanica",
        "GENERO": "Parkia",
        "FAMILIA": "Fabaceae",
        "geometry": {
          "type": "Point",
          "coordinates": [-16.2726170093758, 28.4661033671477]
        },
        "GEOCODIGO": "PAR_JAV-1",
        "UTM_X": 375409.99,
        "UTM_Y": 3149496.36,
        "ORIGEN": "NE de la India hasta Java",
        "ENLACE": "Proximamente disponible la ficha detallada de cada árbol singular de S/C de Tenerife. En proceso.",
        "GRAD_Y": 28.4661033671,
        "GRAD_X": -16.2726170094
      },
      {
        "NOM_COMUN": "palmera canaria",
        "ESPECIE": "canariensis",
        "GENERO": "Phoenix",
        "FAMILIA": "Arecaceae",
        "geometry": {
          "type": "Point",
          "coordinates": [-16.2524581228806, 28.4720686177888]
        },
        "GEOCODIGO": "PHO_CAN-1",
        "UTM_X": 377390.62,
        "UTM_Y": 3150136.56,
        "ORIGEN": "Islas Canarias",
        "ENLACE": "Proximamente disponible la ficha detallada de cada árbol singular de S/C de Tenerife. En proceso.",
        "GRAD_Y": 28.4720686178,
        "GRAD_X": -16.2524581229
      },
      {
        "NOM_COMUN": "palmera datilera",
        "ESPECIE": "dactylifera",
        "GENERO": "Phoenix",
        "FAMILIA": "Arecaceae",
        "geometry": {
          "type": "Point",
          "coordinates": [-16.2622113740193, 28.464677373945]
        },
        "GEOCODIGO": "PHO_DAC-1",
        "UTM_X": 376427.14,
        "UTM_Y": 3149327.62,
        "ORIGEN": "Norte de África y oeste de Asia",
        "ENLACE": "Proximamente disponible la ficha detallada de cada árbol singular de S/C de Tenerife. En proceso.",
        "GRAD_Y": 28.4646773739,
        "GRAD_X": -16.262211374
      },
      {
        "NOM_COMUN": "ombú, bella sombra, fitolaca",
        "ESPECIE": "dioica",
        "GENERO": "Phytolacca",
        "FAMILIA": "Phytolaccaceae",
        "geometry": {
          "type": "Point",
          "coordinates": [-16.2644357122899, 28.4634044289252]
        },
        "GEOCODIGO": "PHY_DIO-1",
        "UTM_X": 376207.87,
        "UTM_Y": 3149188.87,
        "ORIGEN": "Ecuador, Brasil, Argentina, Paraguay y Uruguay",
        "ENLACE": "Proximamente disponible la ficha detallada de cada árbol singular de S/C de Tenerife. En proceso.",
        "GRAD_Y": 28.4634044289,
        "GRAD_X": -16.2644357123
      },
      {
        "NOM_COMUN": "árbol de la lluvia, samán",
        "ESPECIE": "saman",
        "GENERO": "Pithecellobium",
        "FAMILIA": "Fabaceae",
        "geometry": {
          "type": "Point",
          "coordinates": [-16.2576367095072, 28.4715532150665]
        },
        "GEOCODIGO": "PIT_SAM-1",
        "UTM_X": 376883.02,
        "UTM_Y": 3150084.75,
        "ORIGEN": "México y América Central",
        "ENLACE": "Proximamente disponible la ficha detallada de cada árbol singular de S/C de Tenerife. En proceso.",
        "GRAD_Y": 28.4715532151,
        "GRAD_X": -16.2576367095
      },
      {
        "NOM_COMUN": "pino budista, kusamaki",
        "ESPECIE": "macrophyllus",
        "GENERO": "Podocarpus",
        "FAMILIA": "Podocarpaceae",
        "geometry": {
          "type": "Point",
          "coordinates": [-16.2513410184424, 28.468897595677]
        },
        "GEOCODIGO": "POD_MAC_ma-1",
        "UTM_X": 377496.33,
        "UTM_Y": 3149784.08,
        "ORIGEN": "Sur del Japón y China.",
        "ENLACE": "Proximamente disponible la ficha detallada de cada árbol singular de S/C de Tenerife. En proceso.",
        "GRAD_Y": 28.4688975957,
        "GRAD_X": -16.2513410184
      },
      {
        "NOM_COMUN": "mangle rojo.",
        "ESPECIE": "mangle",
        "GENERO": "Rhizophora",
        "FAMILIA": "Rhizophoraceae",
        "geometry": {
          "type": "Point",
          "coordinates": [-16.2568615750266, 28.4519424773552]
        },
        "GEOCODIGO": "RHI_MAN-1",
        "UTM_X": 376936.19,
        "UTM_Y": 3147911.14,
        "ORIGEN": "Zonas costeras latitudes tropicales y subtropicales Americana",
        "ENLACE": "Proximamente disponible la ficha detallada de cada árbol singular de S/C de Tenerife. En proceso.",
        "GRAD_Y": 28.4519424774,
        "GRAD_X": -16.256861575
      },
      {
        "NOM_COMUN": "tulipanero del Gabón, gallito, galeana",
        "ESPECIE": "campanulata",
        "GENERO": "Spathodea",
        "FAMILIA": "Bignoniaceae",
        "geometry": {
          "type": "Point",
          "coordinates": [-16.2547066514979, 28.4680653942254]
        },
        "GEOCODIGO": "SPA_CAM_au_1",
        "UTM_X": 377165.85,
        "UTM_Y": 3149695.31,
        "ORIGEN": "África tropical",
        "ENLACE": "Proximamente disponible la ficha detallada de cada árbol singular de S/C de Tenerife. En proceso.",
        "GRAD_Y": 28.4680653942,
        "GRAD_X": -16.2547066515
      },
      {
        "NOM_COMUN": "tulipanero del Gabón, gallito, galeana",
        "ESPECIE": "campanulata",
        "GENERO": "Spathodea",
        "FAMILIA": "Bignoniaceae",
        "geometry": {
          "type": "Point",
          "coordinates": [-16.2547812594928, 28.4681212957261]
        },
        "GEOCODIGO": "SPA_CAM-1",
        "UTM_X": 377158.61,
        "UTM_Y": 3149701.58,
        "ORIGEN": "África tropical",
        "ENLACE": "Proximamente disponible la ficha detallada de cada árbol singular de S/C de Tenerife. En proceso.",
        "GRAD_Y": 28.4681212957,
        "GRAD_X": -16.2547812595
      },
      {
        "NOM_COMUN": "caoba de Honduras",
        "ESPECIE": "macrophylla",
        "GENERO": "Swietenia",
        "FAMILIA": "Meliaceae",
        "geometry": {
          "type": "Point",
          "coordinates": [-16.2561100009327, 28.4519893110886]
        },
        "GEOCODIGO": "SWI_MAC-1",
        "UTM_X": 377009.84,
        "UTM_Y": 3147915.56,
        "ORIGEN": "Zona intertropical americana",
        "ENLACE": "Proximamente disponible la ficha detallada de cada árbol singular de S/C de Tenerife. En proceso.",
        "GRAD_Y": 28.4519893111,
        "GRAD_X": -16.2561100009
      },
      {
        "NOM_COMUN": "caoba de las indias occidentales",
        "ESPECIE": "mahagoni",
        "GENERO": "Swietenia",
        "FAMILIA": "Meliaceae",
        "geometry": {
          "type": "Point",
          "coordinates": [-16.2550423082772, 28.4725361406242]
        },
        "GEOCODIGO": "SWI_MAH-1",
        "UTM_X": 377138.16,
        "UTM_Y": 3150191,
        "ORIGEN": "Zona intertropical americana",
        "ENLACE": "Proximamente disponible la ficha detallada de cada árbol singular de S/C de Tenerife. En proceso.",
        "GRAD_Y": 28.4725361406,
        "GRAD_X": -16.2550423083
      },
      {
        "NOM_COMUN": "apamate",
        "ESPECIE": "heterophylla",
        "GENERO": "Tabebuia",
        "FAMILIA": "Bignoniaceae",
        "geometry": {
          "type": "Point",
          "coordinates": [-16.2665600968203, 28.4699924805262]
        },
        "GEOCODIGO": "TAB_HET-1",
        "UTM_X": 376007.56,
        "UTM_Y": 3149921,
        "ORIGEN": "México hasta el norte de Venezuela, Colombia y Ecuador",
        "ENLACE": "Proximamente disponible la ficha detallada de cada árbol singular de S/C de Tenerife. En proceso.",
        "GRAD_Y": 28.4699924805,
        "GRAD_X": -16.2665600968
      },
      {
        "NOM_COMUN": "tamarindo",
        "ESPECIE": "indica",
        "GENERO": "Tamarindus",
        "FAMILIA": "Fabaceae",
        "geometry": {
          "type": "Point",
          "coordinates": [-16.2369463624548, 28.4869057471388]
        },
        "GEOCODIGO": "TAM_IND-1",
        "UTM_X": 378926.2,
        "UTM_Y": 3151764.74,
        "ORIGEN": "África",
        "ENLACE": "Proximamente disponible la ficha detallada de cada árbol singular de S/C de Tenerife. En proceso.",
        "GRAD_Y": 28.4869057471,
        "GRAD_X": -16.2369463625
      },
      {
        "NOM_COMUN": "tamarindo",
        "ESPECIE": "indica",
        "GENERO": "Tamarindus",
        "FAMILIA": "Fabaceae",
        "geometry": {
          "type": "Point",
          "coordinates": [-16.2550505465283, 28.4717467859988]
        },
        "GEOCODIGO": "TAM_IND-2",
        "UTM_X": 377136.44,
        "UTM_Y": 3150103.55,
        "ORIGEN": "África",
        "ENLACE": "Proximamente disponible la ficha detallada de cada árbol singular de S/C de Tenerife. En proceso.",
        "GRAD_Y": 28.471746786,
        "GRAD_X": -16.2550505465
      },
      {
        "NOM_COMUN": "tamarindo",
        "ESPECIE": "indica",
        "GENERO": "Tamarindus",
        "FAMILIA": "Fabaceae",
        "geometry": {
          "type": "Point",
          "coordinates": [-16.2622331204326, 28.4648056047147]
        },
        "GEOCODIGO": "TAM_IND-3",
        "UTM_X": 376425.16,
        "UTM_Y": 3149341.85,
        "ORIGEN": "África",
        "ENLACE": "Proximamente disponible la ficha detallada de cada árbol singular de S/C de Tenerife. En proceso.",
        "GRAD_Y": 28.4648056047,
        "GRAD_X": -16.2622331204
      },
      {
        "NOM_COMUN": "almendro de Madagascar",
        "ESPECIE": "mantaly",
        "GENERO": "Terminalia",
        "FAMILIA": "Combretaceae",
        "geometry": {
          "type": "Point",
          "coordinates": [-16.254200155358, 28.4731332743763]
        },
        "GEOCODIGO": "TER_MAN-1",
        "UTM_X": 377221.3,
        "UTM_Y": 3150256.3,
        "ORIGEN": "Madagascar",
        "ENLACE": "Proximamente disponible la ficha detallada de cada árbol singular de S/C de Tenerife. En proceso.",
        "GRAD_Y": 28.4731332744,
        "GRAD_X": -16.2542001554
      },
      {
        "NOM_COMUN": "almendro de Madagascar",
        "ESPECIE": "mantaly",
        "GENERO": "Terminalia",
        "FAMILIA": "Combretaceae",
        "geometry": {
          "type": "Point",
          "coordinates": [-16.2541296097519, 28.473153510294]
        },
        "GEOCODIGO": "TER_MAN-2",
        "UTM_X": 377228.23,
        "UTM_Y": 3150258.47,
        "ORIGEN": "Madagascar",
        "ENLACE": "Proximamente disponible la ficha detallada de cada árbol singular de S/C de Tenerife. En proceso.",
        "GRAD_Y": 28.4731535103,
        "GRAD_X": -16.2541296098
      }
    ]
  }